job_id,source,job_title,company_name,city,experience_years.draft,salary_range,job_type,posted_date,job_description_raw,python_required,sql_required,excel_required,statistics_required,tableau_required,powerbi_required,viz_general,ml_required,cloud_tools,communication_mentioned,teamwork_mentioned,certifications_preferred,domain_knowledge,created_at,is_data_analyst_role,remote_option,country,degree_level,degree_major,experience year,region_category,any_viz_required
https://ae.bebee.com/job/f5a8a4e26319c4732f6ccd15bded9222?utm_campaign=google_jobs_apply&utm_source=google_jobs_apply&utm_medium=organic,BeBee AE,insights & dashboards specialist - data analytics,al etihad payments,abu dhabi,Not Spec,,not_specified,,,False,False,False,False,False,False,True,False,False,True,True,False,Finance,2026-03-15 04:56:38.998,True,on-site,uae,bachelor,,notspecified,Gulf/Other,True
https://ae.expertini.com/job/data-analyst-forecasting-insights-viz-abu-dhabi-abu-dhabi-work-corp-1968-17860/?utm_campaign=google_jobs_apply&utm_source=google_jobs_apply&utm_medium=organic,United Arab Emirates Jobs Expertini,"data analyst: forecasting, insights & viz (abu dhabi)",work corp,abu dhabi,Not Spec,,not_specified,,,True,True,False,True,True,False,True,False,False,True,False,False,General,2026-03-15 04:56:35.204,True,on-site,uae,nan,,notspecified,Gulf/Other,True
https://ae.expertini.com/job/data-analyst-turn-data-into-decisions-in-abu-dhabi-abu-dhabi-woopel-411-3187861/?utm_campaign=google_jobs_apply&utm_source=google_jobs_apply&utm_medium=organic,United Arab Emirates Jobs Expertini,data analyst: turn data into decisions in abu dhabi,woopel,abu dhabi,Not Spec,,not_specified,,,False,False,True,False,False,False,False,False,False,False,False,False,General,2026-03-15 04:56:12.959,True,on-site,united arab emirates,nan,,notspecified,Gulf/Other,False
https://ae.expertini.com/job/senior-data-analytics-dubai-vam-systems-3973-3299598/?utm_campaign=google_jobs_apply&utm_source=google_jobs_apply&utm_medium=organic,Expertini,senior data analytics,vam systems,dubai,Not Spec,,Full-time,,,False,False,False,False,False,True,True,True,False,True,False,False,General,2026-03-15 04:58:26.963,True,on-site,uae,any,IT,notspecified,Gulf/Other,True
https://ae.indeed.com/viewjob?jk=60a1ec57ccaf75e3&utm_campaign=google_jobs_apply&utm_source=google_jobs_apply&utm_medium=organic,Indeed,data analyst – emirati fresh graduate,dicetek llc,dubai,0-1,,not_specified,,,False,True,True,True,True,True,True,False,False,True,True,False,General,2026-03-15 05:46:10.487,True,not_specified,uae,bachelor,"Data Science, Computer Science, Statistics, Business Analytics",entry(0-1),Gulf/Other,True
https://ae.indeed.com/viewjob?jk=e4beb4c12810b9ff&utm_campaign=google_jobs_apply&utm_source=google_jobs_apply&utm_medium=organic,Indeed,business data analyst (bitrix24 & odoo),amer al ghurair real estate group,dubai,Not Spec,,Full-time,,,False,False,True,True,False,True,True,False,False,True,False,False,Other,2026-03-15 04:54:39.966,True,on-site,uae,bachelor,"Data Science, Business Analytics, Statistics, Information Systems",notspecified,Gulf/Other,True
https://ae.jobrapido.com/jobpreview/5141640652248842240?utm_campaign=google_jobs_apply&utm_source=google_jobs_apply&utm_medium=organic,Jobrapido.com,"associate data analyst: learn, analyze & drive impact",delivery hero se,dubai,Not Spec,,not_specified,,,False,True,False,False,False,False,True,False,False,False,False,False,General,2026-03-15 04:54:34.972,True,not_specified,uae,bachelor,,notspecified,Gulf/Other,True
https://ae.jooble.org/jdp/8639778076663141045?utm_campaign=google_jobs_apply&utm_source=google_jobs_apply&utm_medium=organic,Jooble,mis / data analyst,sobha realty,dubai,3-1,,not_specified,,,False,False,True,False,False,False,True,False,False,True,True,False,General,2026-03-15 05:46:29.032,True,not_specified,uae,bachelor,,junior(1-3),Gulf/Other,True
https://ae.linkedin.com/jobs/view/data-analyst-role-cards-fulfillment-analytics-support-at-dicetek-llc-4342532259?utm_campaign=google_jobs_apply&utm_source=google_jobs_apply&utm_medium=organic,LinkedIn,data analyst role - cards fulfillment analytics support,dicetek llc,dubai,Not Spec,,not_specified,,,True,True,True,False,False,False,True,True,False,True,True,False,Finance,2026-03-15 05:47:18.900,True,not_specified,uae,nan,,notspecified,Gulf/Other,True
https://ae.linkedin.com/jobs/view/graduate-software-data-analyst-dubai-at-jacobs-4377867119?utm_campaign=google_jobs_apply&utm_source=google_jobs_apply&utm_medium=organic,LinkedIn,graduate software & data analyst - dubai,jacobs,dubai,0-1,,not_specified,,,True,True,False,False,False,True,True,True,False,True,True,False,General,2026-03-15 04:55:01.467,True,hybrid,uae,bachelor,"Computer Science, Software Engineering, Information Technology, Data Analytics",entry(0-1),Gulf/Other,True
https://ae.linkedin.com/jobs/view/senior-associate-%E2%80%93-data-strategy-ai-emirati-talent-at-majid-al-futtaim-4382782768?utm_campaign=google_jobs_apply&utm_source=google_jobs_apply&utm_medium=organic,LinkedIn,senior associate – data strategy & ai | emirati talent,majid al futtaim,dubai,3-1,,not_specified,,,True,False,False,True,False,True,True,True,False,True,True,False,General,2026-03-15 04:54:30.108,True,not_specified,uae,bachelor,"Computer Science, Data Science, Statistics, Engineering, Economics, Business Analytics",junior(1-3),Gulf/Other,True
https://careers.bcg.com/global/en/job/55950/Data-Scientist-Internship-United-Arab-Emirates-BCG-X?utm_campaign=google_jobs_apply&utm_source=google_jobs_apply&utm_medium=organic,Careers - Boston Consulting Group,"data scientist, internship, united arab emirates - bcg x",boston consulting group,dubai,0-1,,Internship,,,True,False,False,True,False,False,True,True,False,True,True,False,General,2026-03-15 05:45:32.144,True,on-site,uae,master,"Computer Science, Data Science, Statistics, Operations Research",entry(0-1),Gulf/Other,True
https://careers.deliveryhero.com/job/associate-data-analyst-uae-nationals-only-in-dubai-uae-jid-8504?utm_campaign=google_jobs_apply&utm_source=google_jobs_apply&utm_medium=organic,Delivery Hero,associate data analyst-uae nationals only,delivery hero,dubai,3-1,,not_specified,,,True,True,True,True,True,True,True,False,False,True,True,False,General,2026-03-15 04:54:07.118,True,on-site,uae,bachelor,"Data Science, Statistics, Mathematics, Engineering, Computer Science, Economics",junior(1-3),Gulf/Other,True
https://careersingulf.com/job/facilities-services/crm-data-analyst-al-futtaim-group-dubai-uae/41049?show_emp=0&cat=111&utm_campaign=google_jobs_apply&utm_source=google_jobs_apply&utm_medium=organic,Careersingulf.com Jobs,"crm data analyst - al-futtaim group - dubai, uae",alfuttaim,dubai,Not Spec,AED 18000-25000 per month,Full-time,,,False,False,False,False,False,False,True,False,False,True,True,False,Retail,2026-03-15 05:46:35.660,True,not_specified,uae,nan,,notspecified,Gulf/Other,True
https://eg.linkedin.com/jobs/view/bi-analyst-at-halan-%D8%AD%D8%A7%D9%84%D8%A7-4304871747?trk=public_jobs_topcard-title,LinkedIn,bi analyst,halan - حالا,giza,3-1,,not_specified,,,False,True,False,True,True,True,True,True,False,True,True,False,Finance,2026-03-15 06:47:03.600,True,not_specified,egypt,bachelor,Business,junior(1-3),Cairo/Alex,True
https://eg.linkedin.com/jobs/view/business-analyst-at-cs-outsource-4374070948?trk=public_jobs_topcard-title,LinkedIn,business analyst,cs outsource,nan,Not Spec,,Part-time,2026-02-19,,False,True,False,False,False,False,True,False,False,True,False,False,General,2026-03-15 22:17:28.541,True,remote,egypt,nan,,notspecified,Provinces,True
https://eg.linkedin.com/jobs/view/business-analyst-at-inova-pharmaceuticals-4380456213?trk=public_jobs_topcard-title,LinkedIn,business analyst,inova pharmaceuticals,cairo,3-1,,not_specified,2026-03-05,,False,False,True,True,True,True,True,True,False,True,False,False,Healthcare,2026-03-15 22:11:24.204,True,on-site,egypt,bachelor,"Pharma, Business Administration, Finance, Economics, Statistics",junior(1-3),Cairo/Alex,True
https://eg.linkedin.com/jobs/view/business-analyst-at-systems-limited-egypt-4384802668?trk=public_jobs_topcard-title,LinkedIn,business analyst,systems limited - egypt,cairo,Not Spec,,not_specified,2026-03-12,,False,True,False,False,False,False,False,False,False,True,False,False,Finance,2026-03-15 22:05:37.929,True,not_specified,egypt,nan,,notspecified,Cairo/Alex,False
https://eg.linkedin.com/jobs/view/business-analyst-at-taskus-4356452359?trk=public_jobs_topcard-title,LinkedIn,business analyst,taskus,giza,Not Spec,,not_specified,2026-03-12,,False,True,True,True,True,True,True,False,False,True,True,False,General,2026-03-15 22:33:18.189,True,on-site,egypt,bachelor,"Business Administration, Computer Science, Finance",notspecified,Cairo/Alex,True
https://eg.linkedin.com/jobs/view/business-analyst-at-tocaan-4345349367?trk=public_jobs_topcard-title,LinkedIn,business analyst,tocaan,nan,Not Spec,,not_specified,2026-01-12,,False,True,True,False,True,True,True,False,False,True,True,True,Other,2026-03-15 22:17:15.785,True,remote,egypt,bachelor,"Business, Engineering, Computer Science",notspecified,Provinces,True
https://eg.linkedin.com/jobs/view/business-analyst-iii-remote-at-core-code-io-4328799033?trk=public_jobs_topcard-title,LinkedIn,business analyst iii,core code io,cairo,Not Spec,,Other,2025-12-23,,False,True,False,False,False,False,True,False,False,True,True,False,General,2026-03-15 22:22:52.955,True,remote,egypt,bachelor,Computer Science,notspecified,Cairo/Alex,True
https://eg.linkedin.com/jobs/view/business-intelligence-evaluator-at-yo-it-consulting-4384640853?trk=public_jobs_topcard-title,LinkedIn,business intelligence evaluator,yo it consulting,nan,Not Spec,,Contract,,,False,True,False,False,True,True,True,False,False,True,False,False,General,2026-03-15 06:51:15.204,True,remote,egypt,nan,,notspecified,Provinces,True
https://eg.linkedin.com/jobs/view/business-research-research-analyst-cairo-at-infomineo-4378324786?trk=public_jobs_topcard-title,LinkedIn,business research - research analyst - cairo,infomineo,cairo,0-1,,not_specified,2026-02-01,,False,False,False,True,False,False,False,False,False,True,True,False,General,2026-03-15 21:20:16.567,True,on-site,egypt,bachelor,Business,entry(0-1),Cairo/Alex,False
https://eg.linkedin.com/jobs/view/chinese-sourcing-data-research-at-z2data-4382887932?trk=public_jobs_topcard-title,LinkedIn,chinese sourcing data research,z2data,cairo,Not Spec,,not_specified,2026-03-11,,False,False,False,False,False,False,False,False,False,True,True,False,Finance,2026-03-15 21:27:26.995,True,not_specified,egypt,bachelor,"Business, Economics, Data Science, Finance, International Studies",notspecified,Cairo/Alex,False
https://eg.linkedin.com/jobs/view/credit-risk-data-analyst-at-khazna-4381268195?trk=public_jobs_topcard-title,LinkedIn,credit risk data analyst,khazna,cairo,3-1,,not_specified,,,True,True,True,True,False,False,True,True,False,True,True,False,Finance,2026-03-15 06:49:17.907,True,on-site,egypt,bachelor,"Business Informatics, Computer Science",junior(1-3),Cairo/Alex,True
https://eg.linkedin.com/jobs/view/data-analysis-section-head-at-hassan-allam-holding-4374255388?trk=public_jobs_topcard-title,LinkedIn,data analysis section head,hassan allam holding,cairo,Not Spec,,not_specified,,,False,True,False,False,False,False,True,False,False,True,False,False,General,2026-03-15 06:48:31.995,True,not_specified,egypt,nan,,notspecified,Cairo/Alex,True
https://eg.linkedin.com/jobs/view/data-analyst-amet-central-data-analytics-team-at-amazon-4370529994?trk=public_jobs_topcard-title,LinkedIn,"data analyst, amet central data analytics team",amazon,cairo,Not Spec,,not_specified,,,True,True,False,False,False,False,True,True,True,True,False,False,E-Commerce,2026-03-15 06:46:45.742,True,not_specified,egypt,nan,,notspecified,Cairo/Alex,True
https://eg.linkedin.com/jobs/view/data-analyst-at-b-labs-4304155382?trk=public_jobs_topcard-title,LinkedIn,data analyst,b_labs,cairo,3-1,,not_specified,,,True,True,True,True,True,True,True,False,False,True,True,False,Retail,2026-03-15 06:49:41.444,True,hybrid,egypt,bachelor,"Computer Science, Information Technology, Software Engineering",junior(1-3),Cairo/Alex,True
https://eg.linkedin.com/jobs/view/data-analyst-at-idc-4378949897?trk=public_jobs_topcard-title,LinkedIn,data analyst,idc,cairo,3-1,,Full-time,,,True,False,True,True,False,True,True,True,False,True,True,False,Other,2026-03-15 06:48:54.455,True,hybrid,egypt,bachelor,"Finance, Economics, Statistics",junior(1-3),Cairo/Alex,True
https://eg.linkedin.com/jobs/view/data-analyst-at-invygo-4338525710?trk=public_jobs_topcard-title,LinkedIn,data analyst,invygo,cairo,3-1,,not_specified,,,False,True,False,True,False,False,True,True,False,True,True,False,Other,2026-03-15 06:47:52.805,True,remote,egypt,nan,,junior(1-3),Cairo/Alex,True
https://eg.linkedin.com/jobs/view/data-analyst-at-qara-digital-solutions-4315907227?trk=public_jobs_topcard-title,LinkedIn,data analyst,qara digital solutions,cairo,Not Spec,,not_specified,,,True,True,True,True,False,True,True,True,False,True,True,False,General,2026-03-15 06:48:39.261,True,not_specified,egypt,bachelor,"Statistics, Computer Science, Data Science",notspecified,Cairo/Alex,True
https://eg.linkedin.com/jobs/view/data-analyst-at-tasaheel-%D8%AA%D8%B3%D8%A7%D9%87%D9%8A%D9%84-4361784324?trk=public_jobs_topcard-title,LinkedIn,data analyst,tasaheel تساهيل,giza,Not Spec,,not_specified,,,True,True,True,True,True,True,True,False,False,True,True,False,Finance,2026-03-15 06:47:31.453,True,not_specified,egypt,bachelor,"Statistics, Mathematics, Computer Science, Economics",notspecified,Cairo/Alex,True
https://eg.linkedin.com/jobs/view/data-analyst-at-yo-it-consulting-4384677087?trk=public_jobs_topcard-title,LinkedIn,data analyst,yo it consulting,nan,Not Spec,,Contract,,,False,True,False,False,True,True,True,False,False,True,False,False,General,2026-03-15 06:49:09.134,True,remote,egypt,nan,,notspecified,Provinces,True
https://eg.linkedin.com/jobs/view/data-analytics-data-analyst-cairo-at-infomineo-4345666857?trk=public_jobs_topcard-title,LinkedIn,data analytics - data analyst - cairo,infomineo,cairo,3-1,,not_specified,,,True,True,False,True,True,True,True,True,False,True,True,False,General,2026-03-15 06:49:56.968,True,on-site,egypt,master,"Computer Science, Machine Learning, Data Science, Statistics, Applied Mathematics, Data Engineering",junior(1-3),Cairo/Alex,True
https://eg.linkedin.com/jobs/view/data-analytics-engineer-at-hassan-allam-holding-4373794628?trk=public_jobs_topcard-title,LinkedIn,data analytics engineer,hassan allam holding,cairo,3-1,,not_specified,,,True,True,True,False,False,True,True,False,True,True,True,True,Other,2026-03-15 06:52:14.136,True,not_specified,egypt,bachelor,"Computer Science, Engineering, Data Analytics, Information Systems",junior(1-3),Cairo/Alex,True
https://eg.linkedin.com/jobs/view/data-bi-developer-at-b-labs-4384813189?trk=public_jobs_topcard-title,LinkedIn,data & bi developer,b_labs,cairo,3-1,,not_specified,,,True,True,False,True,True,True,True,True,True,True,True,False,Finance,2026-03-15 06:56:25.792,True,hybrid,egypt,bachelor,"Statistics, Computer Science, Economics",junior(1-3),Cairo/Alex,True
https://eg.linkedin.com/jobs/view/data-bi-developer-at-envision-employment-solutions-4371897404?trk=public_jobs_topcard-title,LinkedIn,data bi developer,envision employment solutions,new cairo,Not Spec,,not_specified,2026-03-01,,False,True,False,True,True,False,True,False,False,True,True,False,Finance,2026-03-15 21:23:50.610,True,not_specified,egypt,bachelor,"Computer Science, Information System",notspecified,Cairo/Alex,True
https://eg.linkedin.com/jobs/view/data-bi-developer-at-qstaffers-4371577796?trk=public_jobs_topcard-title,LinkedIn,data bi developer,qstaffers,cairo,Not Spec,,not_specified,2026-02-13,,False,True,False,True,True,False,True,False,False,True,True,False,Finance,2026-03-15 21:22:38.310,True,not_specified,egypt,bachelor,"Computer Science, Information System",notspecified,Cairo/Alex,True
https://eg.linkedin.com/jobs/view/data-engineer-remote-at-crossing-hurdles-4371122699?trk=public_jobs_topcard-title,LinkedIn,data engineer,crossing hurdles,nan,Not Spec,,Contract,,,True,False,False,True,False,False,False,True,False,True,True,False,General,2026-03-15 06:53:24.873,True,remote,egypt,nan,,notspecified,Provinces,False
https://eg.linkedin.com/jobs/view/data-governance-analyst-banking-sector-at-ssc-hr-solutions-4378334058?trk=public_jobs_topcard-title,LinkedIn,data governance analyst - banking sector,ssc hr solutions,giza,Not Spec,,not_specified,,,True,True,False,True,False,False,True,True,False,True,True,False,Finance,2026-03-15 06:53:35.161,True,on-site,egypt,bachelor,"Information Systems, Computer Science",notspecified,Cairo/Alex,True
https://eg.linkedin.com/jobs/view/data-integration-specialist-analyst-senior-analyst-at-banque-misr-4377830354?trk=public_jobs_topcard-title,LinkedIn,data integration specialist/ analyst/ senior analyst,banque misr,cairo,Not Spec,,not_specified,,,False,True,False,False,False,False,False,False,False,False,True,True,Finance,2026-03-15 06:49:49.719,True,not_specified,egypt,bachelor,Computer Science,notspecified,Cairo/Alex,False
https://eg.linkedin.com/jobs/view/data-modeler-at-systems-limited-egypt-4382965072?trk=public_jobs_topcard-title,LinkedIn,data modeler,systems limited - egypt,cairo,Not Spec,,not_specified,,,False,True,False,False,False,False,False,False,False,True,True,False,Finance,2026-03-15 06:50:11.156,True,on-site,egypt,nan,,notspecified,Cairo/Alex,False
https://eg.linkedin.com/jobs/view/data-scientist-at-advansys-intelligent-solutions-4378611233?trk=public_jobs_topcard-title,LinkedIn,data scientist,advansys intelligent solutions,cairo,3-1,,not_specified,2026-02-26,,True,True,False,True,True,True,True,True,True,True,True,False,Manufacturing,2026-03-15 21:21:42.991,True,not_specified,egypt,bachelor,"Data Science, Computer Science, Statistics, Mathematics, Engineering",junior(1-3),Cairo/Alex,True
https://eg.linkedin.com/jobs/view/data-scientist-pricing-at-yassir-4381175808?trk=public_jobs_topcard-title,LinkedIn,data scientist (pricing),yassir,cairo,3-1,,not_specified,2026-03-05,,True,True,False,True,False,False,True,True,True,True,True,False,Other,2026-03-15 22:02:21.894,True,on-site,egypt,master,"Mathematics, Statistics, Data Science, Machine Learning, Operational Research, Computer Science, Software Engineering, Physics",junior(1-3),Cairo/Alex,True
https://eg.linkedin.com/jobs/view/data-scientist-remote-at-crossing-hurdles-4371118977?trk=public_jobs_topcard-title,LinkedIn,data scientist,crossing hurdles,nan,Not Spec,,Contract,2026-03-05,,True,False,False,True,False,False,False,True,False,True,True,False,General,2026-03-15 21:29:02.257,True,remote,egypt,nan,,notspecified,Provinces,False
https://eg.linkedin.com/jobs/view/data-solutions-engineer-at-schneider-electric-4381862637?trk=public_jobs_topcard-title,LinkedIn,data solutions engineer,schneider electric,cairo,Not Spec,,not_specified,2026-03-09,,False,False,True,False,False,True,True,False,False,True,True,True,General,2026-03-15 21:32:44.674,True,not_specified,egypt,bachelor,"Software Engineering, Computer Science, Business Informatics, Information Systems",notspecified,Cairo/Alex,True
https://eg.linkedin.com/jobs/view/etic-bi-engineer-associate-at-pwc-4231160618?trk=public_jobs_topcard-title,LinkedIn,"etic, bi engineer associate",pwc,cairo,3-1,,not_specified,2025-05-20,,True,True,False,False,False,True,True,False,True,True,True,True,General,2026-03-15 21:35:23.679,True,not_specified,egypt,bachelor,"Computer Science, Information Systems, Statistics",junior(1-3),Cairo/Alex,True
https://eg.linkedin.com/jobs/view/etic-celonis-sap-process-analysis-german-speaker-senior-associate-at-pwc-4291627207?trk=public_jobs_topcard-title,LinkedIn,"etic, celonis sap process analysis (german speaker), senior associate",pwc,cairo,Not Spec,,not_specified,2025-08-26,,True,True,False,True,False,False,True,False,False,True,True,False,Other,2026-03-15 22:21:46.391,True,on-site,egypt,nan,,notspecified,Cairo/Alex,True
https://eg.linkedin.com/jobs/view/etic-data-analytics-intern-at-pwc-4347571089?trk=public_jobs_topcard-title,LinkedIn,"etic, data analytics intern",pwc,cairo,Not Spec,,Internship,,,True,True,True,True,True,True,True,True,True,True,True,True,General,2026-03-15 06:53:10.632,True,not_specified,egypt,any,"Data Science, Computer Science, Statistics, Business Analytics",notspecified,Cairo/Alex,True
https://eg.linkedin.com/jobs/view/etic-data-analytics-senior-associate-at-pwc-4332800869?trk=public_jobs_topcard-title,LinkedIn,"etic, data & analytics senior associate",pwc,cairo,3-1,,not_specified,2025-10-28,,True,True,False,True,False,True,True,True,True,True,True,False,Other,2026-03-15 21:22:31.316,True,not_specified,egypt,bachelor,"Business Analytics, Data Science, Computer Science",junior(1-3),Cairo/Alex,True
https://eg.linkedin.com/jobs/view/etic-data-processing-analytics-senior-associate-at-pwc-4343034748?trk=public_jobs_topcard-title,LinkedIn,"etic, data processing & analytics, senior associate",pwc,cairo,Not Spec,,not_specified,2025-12-10,,False,False,True,True,False,False,True,True,False,True,True,False,Other,2026-03-15 21:26:13.352,True,not_specified,egypt,nan,,notspecified,Cairo/Alex,True
https://eg.linkedin.com/jobs/view/etic-data-processing-analytics-senior-associate-at-pwc-4371053129?trk=public_jobs_topcard-title,LinkedIn,"etic, data processing & analytics senior associate",pwc,cairo,Not Spec,,not_specified,2026-02-10,,False,False,False,True,False,False,True,True,False,True,True,False,General,2026-03-15 21:32:04.980,True,not_specified,egypt,nan,,notspecified,Cairo/Alex,True
https://eg.linkedin.com/jobs/view/etic-data-science-associate-at-pwc-4290478598?trk=public_jobs_topcard-title,LinkedIn,"etic, data science - associate",pwc,cairo,Not Spec,,not_specified,2025-08-24,,False,False,False,True,False,False,True,True,False,True,True,False,General,2026-03-15 21:19:27.657,True,not_specified,egypt,nan,,notspecified,Cairo/Alex,True
https://eg.linkedin.com/jobs/view/etic-data-science-senior-associate-at-pwc-4337075330?trk=public_jobs_topcard-title,LinkedIn,"etic, data science - senior associate",pwc,cairo,Not Spec,,not_specified,2025-11-20,,True,True,False,True,False,False,True,True,True,True,True,False,Finance,2026-03-15 21:29:28.903,True,not_specified,egypt,nan,,notspecified,Cairo/Alex,True
https://eg.linkedin.com/jobs/view/etic-insights-reporting-senior-associate-at-pwc-4342868156?trk=public_jobs_topcard-title,LinkedIn,"etic, insights reporting, senior associate",pwc,cairo,Not Spec,,not_specified,2025-12-10,,False,False,True,True,False,False,True,False,False,True,True,False,General,2026-03-15 21:30:06.287,True,not_specified,egypt,nan,,notspecified,Cairo/Alex,True
https://eg.linkedin.com/jobs/view/financial-data-analyst-flight-plan-fp-a-marketing-analytics-at-darkroom-4367325348?trk=public_jobs_topcard-title,LinkedIn,"financial data analyst (flight plan, fp&a, marketing analytics)",darkroom,cairo,Not Spec,,not_specified,,,True,True,True,False,False,False,True,False,False,True,True,False,Finance,2026-03-15 06:53:03.198,True,remote,egypt,nan,,notspecified,Cairo/Alex,True
https://eg.linkedin.com/jobs/view/gen-ai-creative-optimisation-analyst-at-inside-ideas-group-ltd-4383921104?trk=public_jobs_topcard-title,LinkedIn,gen ai creative optimisation analyst,inside ideas group ltd,cairo,Not Spec,,not_specified,2026-03-12,,False,False,False,True,False,False,True,True,False,True,True,False,Other,2026-03-15 21:33:15.768,True,on-site,egypt,nan,,notspecified,Cairo/Alex,True
https://eg.linkedin.com/jobs/view/gen-ai-creative-optimisation-analyst-at-oliver-the-brandtech-group-4383918059?trk=public_jobs_topcard-title,LinkedIn,gen ai creative optimisation analyst,oliver | the brandtech group,cairo,Not Spec,,not_specified,2026-03-12,,False,False,False,True,False,False,True,True,False,True,True,False,Other,2026-03-15 21:24:16.329,True,on-site,egypt,nan,,notspecified,Cairo/Alex,True
https://eg.linkedin.com/jobs/view/graduate-in-training-program-git-business-intelligence-at-valeo-4373882265?trk=public_jobs_topcard-title,LinkedIn,"graduate in training program (git), business intelligence",valeo,cairo,0-1,,Full-time,2026-03-10,,False,True,True,True,True,True,True,False,False,True,True,False,General,2026-03-15 21:24:53.170,True,on-site,egypt,bachelor,"Computer Science, Information Systems, Statistics, Mathematics",entry(0-1),Cairo/Alex,True
https://eg.linkedin.com/jobs/view/gtm-and-analytics-implementation-specialist-at-spiralyze-4366320380?trk=public_jobs_topcard-title,LinkedIn,gtm and analytics implementation specialist,spiralyze,cairo,3-1,,Full-time,2026-01-27,,False,False,False,False,False,False,True,False,False,True,True,False,Other,2026-03-15 21:25:18.486,True,remote,egypt,nan,,junior(1-3),Cairo/Alex,True
https://eg.linkedin.com/jobs/view/hris-at-foundever-4343607844?trk=public_jobs_topcard-title,LinkedIn,hris specialist,foundever,cairo,3-1,,Full-time,2025-12-15,,False,False,True,False,False,False,True,False,False,True,False,False,Other,2026-03-15 22:16:55.695,True,on-site,egypt,nan,,junior(1-3),Cairo/Alex,True
https://eg.linkedin.com/jobs/view/junior-data-scientist-at-mylo-4366328905?trk=public_jobs_topcard-title,LinkedIn,junior data scientist,mylo,cairo,Not Spec,,not_specified,2026-01-27,,True,True,False,True,False,False,False,True,False,False,True,False,Finance,2026-03-15 21:27:18.148,True,not_specified,egypt,bachelor,"Computer Science, Engineering, Statistics, Mathematics",notspecified,Cairo/Alex,False
https://eg.linkedin.com/jobs/view/marketing-analyst-remote-at-yo-it-consulting-4384667630?trk=public_jobs_topcard-title,LinkedIn,marketing analyst,yo it consulting,nan,Not Spec,,Contract,2026-03-15,,False,True,False,False,True,True,True,False,False,True,False,False,General,2026-03-15 22:28:56.982,True,remote,egypt,nan,,notspecified,Provinces,True
https://eg.linkedin.com/jobs/view/mid-level-data-scientist-at-ontrac-solutions-4373640768?trk=public_jobs_topcard-title,LinkedIn,mid-level data scientist,ontrac solutions,cairo,Not Spec,,not_specified,2026-02-19,,True,False,False,True,False,False,False,True,True,False,True,False,Other,2026-03-15 21:59:48.796,True,not_specified,egypt,nan,,notspecified,Cairo/Alex,False
https://eg.linkedin.com/jobs/view/mis-analyst-senior-analyst-at-banque-du-caire-4376366339?trk=public_jobs_topcard-title,LinkedIn,mis analyst/ senior analyst,banque du caire,cairo,3-1,,not_specified,,,False,True,False,True,False,False,True,False,False,True,True,False,Finance,2026-03-15 06:48:25.231,True,not_specified,egypt,bachelor,"Finance, Accounting, Business Administration, Economics",junior(1-3),Cairo/Alex,True
https://eg.linkedin.com/jobs/view/operations-analyst-at-didi-4369054098?trk=public_jobs_topcard-title,LinkedIn,operations analyst,didi,cairo,3-1,,not_specified,2026-02-17,,False,False,True,True,False,False,True,False,False,True,True,False,General,2026-03-15 21:27:35.390,True,not_specified,egypt,bachelor,"Business Administration, Economics, Statistics",junior(1-3),Cairo/Alex,True
https://eg.linkedin.com/jobs/view/operations-analyst-i-at-outseer-4228995180?trk=public_jobs_topcard-title,LinkedIn,operations analyst i,outseer,cairo,Not Spec,,not_specified,2025-05-13,,False,False,False,False,False,True,True,False,False,True,True,False,General,2026-03-15 21:19:03.930,True,not_specified,egypt,bachelor,Business,notspecified,Cairo/Alex,True
https://eg.linkedin.com/jobs/view/operations-coordinator-sports-analysis-at-talent-360-me-4359230550?trk=public_jobs_topcard-title,LinkedIn,sports analyst,vezloo,nan,Not Spec,,Full-time,2026-01-16,,True,False,True,True,True,False,True,True,False,True,True,False,Other,2026-03-15 21:25:51.235,True,remote,nan,bachelor,"Sports Science, Statistics, Data Science",notspecified,Provinces,True
https://eg.linkedin.com/jobs/view/power-bi-engineer-at-ontrac-solutions-4374035871?trk=public_jobs_topcard-title,LinkedIn,power bi engineer,ontrac solutions,cairo,Not Spec,,not_specified,2026-02-19,,False,False,False,False,False,True,True,False,True,True,False,True,Other,2026-03-15 21:22:22.260,True,on-site,egypt,nan,,notspecified,Cairo/Alex,True
https://eg.linkedin.com/jobs/view/process-mining-specialist-at-ontrac-solutions-4374026972?trk=public_jobs_topcard-title,LinkedIn,process mining specialist,ontrac solutions,cairo,Not Spec,,not_specified,2026-02-19,,False,True,False,False,False,False,True,False,False,True,True,True,Other,2026-03-15 21:26:47.062,True,not_specified,egypt,nan,,notspecified,Cairo/Alex,True
https://eg.linkedin.com/jobs/view/r-engineer-at-sme-careers-4345947039?trk=public_jobs_topcard-title,LinkedIn,r engineer,sme careers,nan,3-1,,Contract,2026-02-26,,False,False,False,True,False,False,True,True,False,True,False,False,General,2026-03-15 22:39:20.355,True,remote,egypt,bachelor,"Statistics, Mathematics, Computer Science",junior(1-3),Provinces,True
https://eg.linkedin.com/jobs/view/reporting-advanced-analytics-analyst-at-henkel-4369211348?trk=public_jobs_topcard-title,LinkedIn,reporting & advanced analytics analyst,henkel,cairo,3-1,,not_specified,,,True,True,True,False,False,True,True,False,False,True,True,False,General,2026-03-15 06:51:00.136,True,hybrid,egypt,bachelor,"Business Informatics, Information Systems, Computer Science",junior(1-3),Cairo/Alex,True
https://eg.linkedin.com/jobs/view/reporting-analyst-at-foundever-4362975053?trk=public_jobs_topcard-title,LinkedIn,reporting analyst,foundever,cairo,Not Spec,,not_specified,,,False,False,True,False,False,True,True,False,False,True,True,False,General,2026-03-15 06:50:51.547,True,not_specified,egypt,nan,,notspecified,Cairo/Alex,True
https://eg.linkedin.com/jobs/view/sac-analytics-senior-analyst-at-accenture-4327969667?trk=public_jobs_topcard-title,LinkedIn,sac analytics senior analyst,accenture,cairo,Not Spec,,not_specified,2025-12-19,,False,False,False,False,False,False,True,False,False,True,True,False,Retail,2026-03-15 22:06:19.527,True,not_specified,egypt,nan,,notspecified,Cairo/Alex,True
https://eg.linkedin.com/jobs/view/sales-analyst-at-yo-it-consulting-4384669493?trk=public_jobs_topcard-title,LinkedIn,sales analyst,yo it consulting,nan,Not Spec,,Contract,2026-03-15,,False,True,False,False,True,True,True,False,False,True,False,False,General,2026-03-15 22:16:46.665,True,remote,egypt,nan,,notspecified,Provinces,True
https://eg.linkedin.com/jobs/view/sales-ops-analyst-at-dubizzle-egypt-4375518877?trk=public_jobs_topcard-title,LinkedIn,sales ops analyst,dubizzle egypt,cairo,3-1,,not_specified,2026-02-26,,False,False,True,True,False,False,True,False,False,True,True,False,E-Commerce,2026-03-15 22:19:30.417,True,not_specified,egypt,bachelor,Data Analysis,junior(1-3),Cairo/Alex,True
https://eg.linkedin.com/jobs/view/senior-associate-data-analysis-reporting-at-wtw-4371206450?trk=public_jobs_topcard-title,LinkedIn,"senior associate, data analysis & reporting",wtw,cairo,Not Spec,,not_specified,,,False,False,True,False,False,False,False,False,False,True,True,False,Other,2026-03-15 06:52:45.062,True,not_specified,egypt,bachelor,,notspecified,Cairo/Alex,False
https://eg.linkedin.com/jobs/view/senior-data-analyst-at-chain-reaction-4360605956?trk=public_jobs_topcard-title,LinkedIn,senior data analyst,chain reaction,cairo,3-1,,not_specified,,,True,True,True,True,False,False,True,True,True,True,True,False,E-Commerce,2026-03-15 06:52:26.139,True,not_specified,egypt,nan,,junior(1-3),Cairo/Alex,True
https://eg.linkedin.com/jobs/view/senior-data-analyst-at-sba-grant-thornton-egypt-4261010456?trk=public_jobs_topcard-title,LinkedIn,senior data analyst,sba - grant thornton egypt,nan,3-1,,not_specified,2025-07-02,,False,False,True,False,False,True,True,False,False,True,True,False,Finance,2026-03-15 06:52:31.691,True,not_specified,egypt,bachelor,"Business Administration, Finance, Accounting, Statistics",junior(1-3),Provinces,True
https://eg.linkedin.com/jobs/view/senior-data-scientist-i-at-careem-4271306791?trk=public_jobs_topcard-title,LinkedIn,senior data scientist i,careem,cairo,Not Spec,,not_specified,2026-02-23,,True,True,False,True,True,False,True,True,True,True,False,False,Other,2026-03-15 21:31:35.810,True,not_specified,egypt,master,"Physics, Statistics, Mathematics, Engineering, Computer Science",notspecified,Cairo/Alex,True
https://eg.linkedin.com/jobs/view/senior-data-scientist-jumia-full-time-at-jumia-group-4067138243?trk=public_jobs_topcard-title,LinkedIn,senior data scientist - jumia (full time),jumia group,cairo,Not Spec,,Full-time,2024-11-05,,True,True,False,True,False,False,False,True,True,True,True,False,E-Commerce,2026-03-15 22:02:29.367,True,on-site,egypt,any,"Data Science, Computer Science, Statistics",notspecified,Cairo/Alex,False
https://eg.linkedin.com/jobs/view/senior-marketing-analyst-at-halan-%D8%AD%D8%A7%D9%84%D8%A7-4373684043?trk=public_jobs_topcard-title,LinkedIn,senior marketing analyst,halan - حالا,giza,Not Spec,,not_specified,2026-02-19,,True,True,False,False,False,False,True,False,True,True,True,False,Other,2026-03-15 22:10:26.151,True,not_specified,egypt,nan,,notspecified,Cairo/Alex,True
https://eg.linkedin.com/jobs/view/senior-sales-analyst-at-lafarge-egypt-4383910253?trk=public_jobs_topcard-title,LinkedIn,senior sales analyst,lafarge egypt,cairo,3-1,,not_specified,2026-03-12,,False,False,False,True,False,False,True,False,False,True,False,False,Manufacturing,2026-03-15 22:21:34.712,True,on-site,egypt,bachelor,"Business Administration, Economics",junior(1-3),Cairo/Alex,True
https://eg.linkedin.com/jobs/view/software-engineer-remote-at-crossing-hurdles-4371150111?trk=public_jobs_topcard-title,LinkedIn,data engineer / data scientist,crossing hurdles,nan,Not Spec,,Contract,2026-03-05,,True,False,False,True,False,False,False,True,False,True,True,False,General,2026-03-15 22:22:44.372,True,remote,egypt,nan,,notspecified,Provinces,False
https://eg.linkedin.com/jobs/view/sr-data-scientist-at-vodafone-4355916574?trk=public_jobs_topcard-title,LinkedIn,sr. data scientist,vodafone,giza,Not Spec,,not_specified,2026-01-28,,True,True,False,True,False,False,False,True,False,True,False,False,Telecom,2026-03-15 21:35:15.630,True,not_specified,egypt,nan,,notspecified,Cairo/Alex,False
https://eg.linkedin.com/jobs/view/sustainability-data-analyst-at-henkel-4145128935?trk=public_jobs_topcard-title,LinkedIn,sustainability data analyst,henkel,cairo,3-1,,not_specified,,,True,False,True,False,False,True,True,False,True,True,True,False,Other,2026-03-15 06:47:45.853,True,not_specified,egypt,bachelor,"Computer Science, Business informatics, Networks Engineering",junior(1-3),Cairo/Alex,True
https://etihad.eightfold.ai/careers/job/563602811283459?src=Linkedin&utm_campaign=google_jobs_apply&utm_source=google_jobs_apply&utm_medium=organic,Eightfold AI,solutions & analytics analyst,etihad,abu dhabi,3-1,,not_specified,,,True,False,False,True,False,False,False,True,True,False,False,False,Other,2026-03-15 04:55:46.093,True,not_specified,uae,bachelor,"Computer Science, Engineering, Statistics, Operations Research, Economics",junior(1-3),Gulf/Other,False
https://libertyloomtalent.com/job/fintech-data-analyst-payments-lending/?utm_campaign=google_jobs_apply&utm_source=google_jobs_apply&utm_medium=organic,LibertyLoom Talent,fintech data analyst – payments & lending,mandres investments (uk) ltd,dubai,3-1,,not_specified,,,True,True,True,True,False,False,True,True,False,True,True,False,Finance,2026-03-15 05:46:24.731,True,on-site,uae,bachelor,"Data Science, Statistics, Finance",junior(1-3),Gulf/Other,True
https://sa.jobrapido.com/jobpreview/2488365575114326016?utm_campaign=google_jobs_apply&utm_source=google_jobs_apply&utm_medium=organic,Jobrapido.com,remote data analyst – entry-level specialist,pulsemedianl (latam region),nan,0-1,,not_specified,,,False,False,False,False,False,False,False,False,False,False,False,False,General,2026-03-15 06:12:25.211,True,remote,saudi arabia,nan,,entry(0-1),Gulf/Other,False
https://sa.jobrapido.com/jobpreview/5596496792909774848?utm_campaign=google_jobs_apply&utm_source=google_jobs_apply&utm_medium=organic,Sa.jobrapido.com,"data analyst - insights, dashboards & pipelines",salla,nan,0-1,,not_specified,,,False,True,False,False,False,False,True,False,False,False,False,False,General,2026-03-15 06:11:28.106,True,not_specified,saudi arabia,bachelor,Quantitative Field,entry(0-1),Gulf/Other,True
https://sa.jooble.org/jdp/-1453234972688775447?utm_campaign=google_jobs_apply&utm_source=google_jobs_apply&utm_medium=organic,Jooble,data analyst,salla,makkah,0-1,,not_specified,,,False,True,False,True,True,False,True,False,False,True,True,False,General,2026-03-15 06:12:09.795,True,not_specified,saudi arabia,bachelor,Computer Science,entry(0-1),Gulf/Other,True
https://sa.jooble.org/jdp/4359050681793581038?utm_campaign=google_jobs_apply&utm_source=google_jobs_apply&utm_medium=organic,Jooble,data analyst,rawabi electric company,dammam,3-1,,Full-time,,,True,True,True,True,True,True,True,True,False,True,False,False,Other,2026-03-15 06:13:07.954,True,not_specified,saudi arabia,bachelor,"Mathematics, Statistics, Computer Science",junior(1-3),Gulf/Other,True
https://sa.linkedin.com/jobs/view/analyst-sales-operations-at-carrier-4372892246?trk=public_jobs_topcard-title,LinkedIn,"analyst, sales operations",carrier,riyadh,Not Spec,,Full-time,2026-02-20,,False,False,True,False,False,True,True,False,False,True,True,False,Other,2026-03-15 08:09:04.525,True,not_specified,saudi arabia,any,Data/Analytics,notspecified,Gulf/Other,True
https://sa.linkedin.com/jobs/view/associate-data-analyst-builders-program-at-tamara-4382366415?trk=public_jobs_topcard-title,LinkedIn,associate data analyst - builders program,tamara,riyadh,0-1,,Full-time,2026-03-07,,True,True,False,True,False,False,True,False,True,True,True,False,Finance,2026-03-15 07:31:06.477,True,on-site,saudi arabia,bachelor,,entry(0-1),Gulf/Other,True
https://sa.linkedin.com/jobs/view/business-analyst-at-kanz-4379552063?trk=public_jobs_topcard-title,LinkedIn,business analyst,kanz,riyadh,3-1,,not_specified,2026-02-04,,False,True,True,False,False,True,True,False,False,True,True,False,General,2026-03-15 08:08:31.244,True,not_specified,saudi arabia,bachelor,"Business Administration, Information Systems",junior(1-3),Gulf/Other,True
https://sa.linkedin.com/jobs/view/business-analyst-remote-at-core-code-io-4301613313?trk=public_jobs_topcard-title,LinkedIn,business analyst (remote),core code io,riyadh,Not Spec,,not_specified,2025-09-17,,False,True,False,False,False,False,True,False,False,True,True,False,General,2026-03-15 08:03:41.581,True,remote,saudi arabia,bachelor,"Information Technology, Computer Science",notspecified,Gulf/Other,True
https://sa.linkedin.com/jobs/view/business-data-analyst-at-devoteam-4317936514?trk=public_jobs_topcard-title,LinkedIn,business data analyst,devoteam,riyadh,Not Spec,,not_specified,2026-02-28,,True,True,True,True,True,True,True,False,False,True,True,True,General,2026-03-15 07:25:32.993,True,not_specified,saudi arabia,nan,,notspecified,Gulf/Other,True
https://sa.linkedin.com/jobs/view/business-intelligence-analyst-at-master-works-4343772840?trk=public_jobs_topcard-title,LinkedIn,business intelligence analyst,master works,riyadh,Not Spec,,not_specified,2025-12-15,,False,True,False,False,True,True,True,False,False,True,False,False,General,2026-03-15 07:26:48.571,True,not_specified,saudi arabia,bachelor,"Computer Science, Information Systems, Data Analytics",notspecified,Gulf/Other,True
https://sa.linkedin.com/jobs/view/business-intelligence-analyst-at-ninja-%F0%9F%A5%B7%F0%9F%8F%BD-%D9%86%D9%8A%D9%86%D8%AC%D8%A7-4353890129?trk=public_jobs_topcard-title,LinkedIn,business intelligence analyst,ninja نينجا,riyadh,3-1,,not_specified,2026-01-18,,False,True,False,False,True,True,True,True,False,True,True,False,General,2026-03-15 07:27:01.833,True,not_specified,saudi arabia,bachelor,"Computer Science, Data Science, Business Administration",junior(1-3),Gulf/Other,True
https://sa.linkedin.com/jobs/view/business-systems-analyst-at-ss-c-technologies-4381609057?trk=public_jobs_topcard-title,LinkedIn,business systems analyst,ss&c technologies,riyadh,0-1,,not_specified,2026-03-05,,True,True,False,True,False,False,True,False,False,True,True,False,Finance,2026-03-15 07:28:06.009,True,on-site,saudi arabia,bachelor,"Computer Science, Engineering, Mathematics, Applied Science, Statistics, Economics, Finance",entry(0-1),Gulf/Other,True
https://sa.linkedin.com/jobs/view/consultant-at-fichtner-management-consulting-4210636717?trk=public_jobs_topcard-title,LinkedIn,consultant,fichtner management consulting,riyadh,3-1,,not_specified,2025-04-25,,False,False,False,True,False,False,True,False,False,True,True,False,Other,2026-03-15 07:38:10.849,True,not_specified,saudi arabia,bachelor,"Engineering, Economics, Business",junior(1-3),Gulf/Other,True
https://sa.linkedin.com/jobs/view/data-analyst-at-master-works-4343952525?trk=public_jobs_topcard-title,LinkedIn,data analyst,master works,riyadh,Not Spec,,not_specified,2025-12-16,,False,True,True,True,True,True,True,False,False,True,True,False,General,2026-03-15 07:25:55.215,True,not_specified,saudi arabia,bachelor,"Data Science, Statistics, Information Technology",notspecified,Gulf/Other,True
https://sa.linkedin.com/jobs/view/data-analyst-at-pipecare-group-4260434350?trk=public_jobs_topcard-title,LinkedIn,data analyst,pipecare group,dammam,Not Spec,,not_specified,2025-07-01,,False,True,True,True,False,False,True,False,False,True,False,False,Other,2026-03-15 07:25:17.139,True,on-site,saudi arabia,bachelor,"Engineering, Technology",notspecified,Gulf/Other,True
https://sa.linkedin.com/jobs/view/data-analyst-intern-at-kanz-4379551099?trk=public_jobs_topcard-title,LinkedIn,data analyst intern,kanz,riyadh,Not Spec,,Internship,2026-02-04,,False,False,False,False,False,False,True,False,False,False,True,False,General,2026-03-15 07:31:35.324,True,not_specified,saudi arabia,nan,,notspecified,Gulf/Other,True
https://sa.linkedin.com/jobs/view/data-analyst-junior-level-at-tarmeez-capital-%D8%AA%D8%B1%D9%85%D9%8A%D8%B2-%D8%A7%D9%84%D9%85%D8%A7%D9%84%D9%8A%D8%A9-4371181649?trk=public_jobs_topcard-title,LinkedIn,data analyst - junior level,tarmeez capital | ترميز المالية,riyadh,3-1,,not_specified,2026-02-11,,True,True,False,True,True,True,True,False,True,True,True,False,Finance,2026-03-15 07:25:09.701,True,not_specified,saudi arabia,bachelor,"Data Science, Statistics, Economics, Computer Science",junior(1-3),Gulf/Other,True
https://sa.linkedin.com/jobs/view/data-quality-expert-at-master-works-4379582067?trk=public_jobs_topcard-title,LinkedIn,data quality expert,master works,riyadh,Not Spec,,not_specified,2026-02-04,,False,True,False,False,False,False,False,False,False,True,True,True,Telecom,2026-03-15 07:34:18.203,True,not_specified,saudi arabia,nan,,notspecified,Gulf/Other,False
https://sa.linkedin.com/jobs/view/data-quality-expert-remotely-at-master-works-4379565576?trk=public_jobs_topcard-title,LinkedIn,data quality expert (remotely),master works,riyadh,Not Spec,,not_specified,2026-02-04,,False,True,False,False,False,False,False,False,False,True,True,True,Telecom,2026-03-15 07:34:03.542,True,remote,saudi arabia,nan,,notspecified,Gulf/Other,False
https://sa.linkedin.com/jobs/view/data-scientist-%E2%80%93-computer-vision-engineer-at-tata-consultancy-services-4381551837?trk=public_jobs_topcard-title,LinkedIn,data scientist – computer vision engineer,tata consultancy services,dhahran,Not Spec,,Full-time,2026-03-09,,True,False,False,False,False,False,False,True,False,False,True,False,General,2026-03-15 08:07:06.885,True,not_specified,saudi arabia,nan,,notspecified,Gulf/Other,False
https://sa.linkedin.com/jobs/view/data-scientist-at-salla-4380142571?trk=public_jobs_topcard-title,LinkedIn,data scientist,salla,jiddah,3-1,,not_specified,2026-02-06,,True,True,False,True,False,False,True,True,False,True,True,False,E-Commerce,2026-03-15 07:41:14.589,True,not_specified,saudi arabia,bachelor,"Statistics, Mathematics, Computer Science, Engineering",junior(1-3),Gulf/Other,True
https://sa.linkedin.com/jobs/view/data-scientist-i-at-mozn-4363930239?trk=public_jobs_topcard-title,LinkedIn,data scientist i,mozn,riyadh,0-1,,not_specified,2026-03-05,,True,True,False,True,False,False,True,True,False,False,True,False,Finance,2026-03-15 07:46:00.793,True,not_specified,saudi arabia,bachelor,"Data Science, AI, Machine Learning, Mathematics, Statistics",entry(0-1),Gulf/Other,True
https://sa.linkedin.com/jobs/view/data-scientist-ii-at-mozn-4363261702?trk=public_jobs_topcard-title,LinkedIn,data scientist ii,mozn,riyadh,3-1,,not_specified,2026-03-05,,True,True,False,False,False,False,False,True,False,True,True,False,Finance,2026-03-15 08:01:20.784,True,not_specified,saudi arabia,any,,junior(1-3),Gulf/Other,False
https://sa.linkedin.com/jobs/view/data-visualization-engineer-at-hudhud-maps-4339790590?trk=public_jobs_topcard-title,LinkedIn,data visualization engineer,hudhud maps,riyadh,3-1,,not_specified,2025-11-10,,True,True,False,False,True,True,True,False,False,True,True,False,General,2026-03-15 07:34:44.682,True,not_specified,saudi arabia,bachelor,"Computer Science, Data Science, Statistics",junior(1-3),Gulf/Other,True
https://sa.linkedin.com/jobs/view/data-visualization-engineer-remote-at-north-star-staffing-4385346322?trk=public_jobs_topcard-title,LinkedIn,data visualization engineer (remote),north star staffing,nan,Not Spec,$50 – $150 per hour,Contract,2026-03-13,,True,False,False,False,False,False,True,False,False,True,True,False,Other,2026-03-15 07:33:26.443,True,remote,saudi arabia,bachelor,"Computer Science, Engineering, Physics, Applied Mathematics",notspecified,Gulf/Other,True
https://sa.linkedin.com/jobs/view/econometric-data-analyst-remote-at-north-star-staffing-4385345401?trk=public_jobs_topcard-title,LinkedIn,econometric data analyst,north star staffing,nan,Not Spec,$20 – $100 per hour,Contract,2026-03-13,,False,False,False,True,False,False,False,False,False,True,True,False,General,2026-03-15 07:27:54.950,True,remote,saudi arabia,master,"Economics, Statistics, Data Science",notspecified,Gulf/Other,False
https://sa.linkedin.com/jobs/view/gen-ai-data-scientist-at-tata-consultancy-services-4381849870?trk=public_jobs_topcard-title,LinkedIn,gen ai data scientist,tata consultancy services,dhahran,Not Spec,,Full-time,2026-03-09,,True,False,False,True,False,False,False,True,True,True,True,False,Other,2026-03-15 07:54:11.625,True,not_specified,saudi arabia,nan,,notspecified,Gulf/Other,False
https://sa.linkedin.com/jobs/view/intern-product-analyst-at-tabby-%D8%AA%D8%A7%D8%A8%D9%8A-4371008201?trk=public_jobs_topcard-title,LinkedIn,intern product analyst,tabby | تابي,riyadh,0-1,,Internship,2026-03-03,,True,True,False,True,False,False,True,True,False,True,True,False,Other,2026-03-15 07:35:23.835,True,hybrid,saudi arabia,bachelor,,entry(0-1),Gulf/Other,True
https://sa.linkedin.com/jobs/view/linguistic-data-analyst-ai-linguistic-specialist-diplomatic-domain-stt-ai-at-master-works-4379580673?trk=public_jobs_topcard-title,LinkedIn,linguistic data analyst / ai linguistic specialist- diplomatic domain (stt ai),master works,riyadh,Not Spec,,not_specified,2026-03-01,,False,False,False,False,False,False,False,True,False,True,True,False,Other,2026-03-15 07:33:03.873,True,on-site,saudi arabia,bachelor,"Linguistics, Translation, Arabic/English Studies",notspecified,Gulf/Other,False
https://sa.linkedin.com/jobs/view/logistics-analyst-at-abyat-4362704681?trk=public_jobs_topcard-title,LinkedIn,logistics analyst,abyat,dammam,Not Spec,,Full-time,2026-02-22,,False,True,True,True,True,True,True,False,False,True,False,False,Other,2026-03-15 07:43:06.303,True,on-site,saudi arabia,bachelor,"Data Analyst, Supply Chain Management, Data Science, Business Analytics",notspecified,Gulf/Other,True
https://sa.linkedin.com/jobs/view/operations-analyst-at-kanz-4334332231?trk=public_jobs_topcard-title,LinkedIn,operations analyst,kanz,riyadh,3-1,,not_specified,2025-10-11,,False,False,True,True,True,True,True,False,False,True,True,False,General,2026-03-15 07:43:04.417,True,not_specified,saudi arabia,bachelor,"Business Administration, Operations Management, Industrial Engineering",junior(1-3),Gulf/Other,True
https://sa.linkedin.com/jobs/view/performance-analyst-1010-at-team-saudi-4383235719?trk=public_jobs_topcard-title,LinkedIn,performance analyst (1010),team saudi,riyadh,Not Spec,,Full-time,2026-03-11,,False,False,False,True,False,False,True,True,False,True,True,False,Other,2026-03-15 07:31:20.536,True,not_specified,saudi arabia,nan,,notspecified,Gulf/Other,True
https://sa.linkedin.com/jobs/view/production-data-analyst-ect-at-ge-vernova-4368889587?trk=public_jobs_topcard-title,LinkedIn,production data analyst - ect,ge vernova,dammam,0-1,,not_specified,2026-02-25,,False,False,True,True,False,False,True,False,False,True,True,False,Manufacturing,2026-03-15 07:32:27.951,True,on-site,saudi arabia,bachelor,"Industrial Engineering, Mechanical Engineering, Electrical Engineering",entry(0-1),Gulf/Other,True
https://sa.linkedin.com/jobs/view/reporting-data-analyst-tamheer-program-at-ninja-%F0%9F%A5%B7%F0%9F%8F%BD-%D9%86%D9%8A%D9%86%D8%AC%D8%A7-4354244505?trk=public_jobs_topcard-title,LinkedIn,reporting & data analyst (tamheer program),ninja نينجا,riyadh,0-1,,not_specified,2026-01-22,,False,True,True,False,False,False,True,False,False,False,True,False,General,2026-03-15 07:28:51.847,True,on-site,saudi arabia,bachelor,"Data Analytics, Statistics, Business, Information Systems",entry(0-1),Gulf/Other,True
https://sa.linkedin.com/jobs/view/research-analyst-at-savills-middle-east-4366114057?trk=public_jobs_topcard-title,LinkedIn,research analyst,savills middle east,riyadh,Not Spec,,not_specified,2026-03-10,,False,False,True,False,False,True,True,False,False,True,True,False,Other,2026-03-15 07:35:16.771,True,not_specified,saudi arabia,nan,,notspecified,Gulf/Other,True
https://sa.linkedin.com/jobs/view/senior-actuarial-analyst-at-aon-4361230970?trk=public_jobs_topcard-title,LinkedIn,senior actuarial analyst,aon,riyadh,3-1,,not_specified,2026-03-05,,False,True,True,True,False,True,True,False,False,True,True,False,Healthcare,2026-03-15 07:52:54.232,True,not_specified,saudi arabia,bachelor,Actuarial Science,junior(1-3),Gulf/Other,True
https://sa.linkedin.com/jobs/view/senior-business-intelligence-specialist-at-takamol-holding-4377198374?trk=public_jobs_topcard-title,LinkedIn,senior business intelligence specialist,takamol holding,riyadh,Not Spec,,not_specified,2026-02-24,,True,True,False,False,False,True,True,False,True,True,True,False,Other,2026-03-15 07:30:10.999,True,on-site,saudi arabia,bachelor,"Information Systems, Computer Science, Data Analytics",notspecified,Gulf/Other,True
https://sa.linkedin.com/jobs/view/senior-data-scientist-at-fathom-io-4341121246?trk=public_jobs_topcard-title,LinkedIn,senior data scientist,fathom.io,dhahran,Not Spec,,not_specified,2025-11-17,,False,False,False,False,False,False,False,True,False,True,True,False,Other,2026-03-15 07:54:18.224,True,not_specified,saudi arabia,nan,,notspecified,Gulf/Other,False
https://sa.linkedin.com/jobs/view/spezialist-f%C3%BCr-datenarchitektur-und-datenanalyse-w-m-x-at-beko-solutions-gmbh-4360496032?trk=public_jobs_topcard-title,LinkedIn,spezialist für datenarchitektur und datenanalyse (w/m/x),beko solutions gmbh,makkah region,Not Spec,4000 EUR,not_specified,2026-01-23,,False,False,False,True,False,False,False,True,False,True,True,False,General,2026-03-15 07:49:32.412,True,not_specified,saudi arabia,bachelor,Engineering,notspecified,Gulf/Other,False
https://sa.linkedin.com/jobs/view/whiteshield-data-scientist-ai-economics-unit-at-whiteshield-4310881676?trk=public_jobs_topcard-title,LinkedIn,whiteshield data scientist - ai economics unit,whiteshield,riyadh,Not Spec,,not_specified,2025-10-06,,True,False,False,True,False,False,True,True,False,True,False,False,Other,2026-03-15 07:38:27.162,True,not_specified,saudi arabia,nan,,notspecified,Gulf/Other,True
https://saudi.tanqeeb.com/jobs-in-middle-east/all/jobs/020830361.html?utm_campaign=google_jobs_apply&utm_source=google_jobs_apply&utm_medium=organic,Saudi.tanqeeb.com,data & reporting analyst,anova health,riyadh,Not Spec,,Full-time,,,False,False,False,True,False,False,True,False,False,True,True,False,Healthcare,2026-03-15 06:11:53.951,True,on-site,saudi arabia,bachelor,"Data Science, Statistics, Business Analytics",notspecified,Gulf/Other,True
https://wuzzuf.net/jobs/p/7rzmfcwyhhkw-financial-analyst-elsewedy-industries-cairo-egypt,Wuzzuf,financial analyst,elsewedy industries,cairo,3-1,,Full-time,,,False,False,True,True,False,False,True,False,False,True,False,False,Manufacturing,2026-03-15 01:06:33.086,True,on-site,egypt,bachelor,Finance,junior(1-3),Cairo/Alex,True
https://wuzzuf.net/jobs/p/aoeklax6waer-data-analyst-miniso-life-cairo-egypt,Wuzzuf,data analyst,miniso life,cairo,3-1,,Full-time,,,False,False,True,True,True,True,True,False,False,True,True,False,Retail,2026-03-15 01:39:17.720,True,on-site,egypt,bachelor,"Statistics, Mathematics, Computer Science",junior(1-3),Cairo/Alex,True
https://wuzzuf.net/jobs/p/bexngobyubuz-growth-assistant-cairo-egypt,Wuzzuf,growth assistant,confidential company,cairo,3-1,,Full-time,,,False,False,False,False,False,False,False,True,False,True,True,False,Other,2026-03-15 01:15:51.883,True,remote,egypt,bachelor,,junior(1-3),Cairo/Alex,False
https://wuzzuf.net/jobs/p/d6wrnnj6ofcu-data-analyst-analytics-knowledge-delivery-epsilonai-cairo-egypt,Wuzzuf,data analyst – analytics & knowledge delivery,epsilonai,cairo,3-1,,Full-time,,,False,True,True,False,True,True,True,False,True,True,True,True,General,2026-03-15 01:31:30.401,True,hybrid,egypt,bachelor,"Computer Science, Computer Engineering, Statistics, Information Systems, Business Analytics",junior(1-3),Cairo/Alex,True
https://wuzzuf.net/jobs/p/deipudnut5wh-junior-data-analyst-wadi-group-giza-egypt,Wuzzuf,junior data analyst,wadi group,giza,0-1,,Full-time,,,False,True,True,True,False,True,True,False,False,True,True,False,General,2026-03-15 01:35:16.882,True,on-site,egypt,bachelor,"Mathematics, Statistics, Computer Science",entry(0-1),Cairo/Alex,True
https://wuzzuf.net/jobs/p/dyghrjhuwz0a-senior-fpa-analyst-transmar-international-cairo-egypt,Wuzzuf,senior fp&a analyst,transmar international,cairo,3-1,,Full-time,,,False,False,False,True,True,True,True,False,False,True,True,True,Finance,2026-03-15 01:35:04.242,True,on-site,egypt,bachelor,"Finance, Accounting, Business",junior(1-3),Cairo/Alex,True
https://wuzzuf.net/jobs/p/g/0fcvwyqupcmm-data-analyst-specialist-remote-loyal-to-cumbria-dubai-united-arab-emirates,Wuzzuf,data analyst specialist,loyal to cumbria,dubai,3-1,,Contract,,,True,True,True,True,True,True,True,False,False,True,True,False,General,2026-03-15 01:03:55.398,True,remote,united arab emirates,bachelor,"Data Analytics, Statistics, Business, Mathematics",junior(1-3),Gulf/Other,True
https://wuzzuf.net/jobs/p/g/2nwqqhxfytlt-research-assistant-united-arab-emirates-university-department-of-family-medicine-dubai-united-arab-emirates,Wuzzuf,research assistant,"united arab emirates university, department of family medicine",dubai,Not Spec,,Full-time,,,True,False,False,False,False,False,False,True,True,True,True,False,Healthcare,2026-03-15 01:23:15.712,True,on-site,united arab emirates,bachelor,"Computer Science, Artificial Intelligence, Data Science, Software Engineering",notspecified,Gulf/Other,False
https://wuzzuf.net/jobs/p/g/bxquqvxbj71z-administrative-data-systems-analyst-remote-loyal-to-cumbria-dubai-united-arab-emirates,Wuzzuf,administrative data systems analyst,loyal to cumbria,dubai,3-1,,Contract,,,False,False,True,False,False,False,True,False,False,True,True,False,General,2026-03-15 01:37:50.282,True,remote,united arab emirates,bachelor,,junior(1-3),Gulf/Other,True
https://wuzzuf.net/jobs/p/g/cam8nou3n8u4-data-analyst-al-futtaim-automotive-logistics-al-futtaim-automotive-alftym-llsyarat-dubai-united-arab-emirates,Wuzzuf,data analyst,al-futtaim automotive,dubai,3-1,,Full-time,,,False,False,False,False,False,True,True,False,False,True,True,False,Other,2026-03-15 01:30:36.779,True,on-site,uae,bachelor,Engineering,junior(1-3),Gulf/Other,True
https://wuzzuf.net/jobs/p/g/ce3emcezgayj-data-analyst-specialist-remote-loyal-to-cumbria-dubai-united-arab-emirates,Wuzzuf,data analyst specialist – remote,loyal to cumbria,dubai,3-1,,Full-time,,,True,True,True,True,True,True,True,False,False,True,True,False,General,2026-03-15 01:07:41.210,True,remote,united arab emirates,bachelor,"Data Analytics, Statistics, Business, Mathematics",junior(1-3),Gulf/Other,True
https://wuzzuf.net/jobs/p/g/dyociqlc2u5j-data-scientist-nlp-deep-learning-engineer-revolut-dubai-united-arab-emirates,Wuzzuf,data scientist (nlp deep learning engineer),revolut,dubai,0-1,,Full-time,,,True,True,False,True,False,False,False,True,False,True,True,False,Finance,2026-03-15 01:16:59.970,True,on-site,uae,bachelor,Computer Science,entry(0-1),Gulf/Other,False
https://wuzzuf.net/jobs/p/g/i8g1qtpw1jch-remote-operations-data-entry-analyst-loyal-to-cumbria-dubai-united-arab-emirates,Wuzzuf,remote operations data entry analyst,loyal to cumbria,dubai,3-1,,Contract,,,False,False,True,False,False,False,True,False,True,True,True,False,General,2026-03-15 01:36:03.641,True,remote,united arab emirates,bachelor,,junior(1-3),Gulf/Other,True
https://wuzzuf.net/jobs/p/g/jesvbik4flt0-finance-analyst-bestseller-dubai-united-arab-emirates,Wuzzuf,finance analyst,bestseller,dubai,3-1,,Full-time,,,False,True,True,False,False,True,True,False,False,True,True,False,Finance,2026-03-15 01:09:18.280,True,on-site,uae,bachelor,"Finance, Business Administration, Economics",junior(1-3),Gulf/Other,True
https://wuzzuf.net/jobs/p/g/jto3hiflsrfl-gis-specialist-remote-keystone-recruitment-dubai-united-arab-emirates,Wuzzuf,gis specialist (remote),keystone recruitment,dubai,Not Spec,,Contract,,,True,False,False,False,False,False,True,True,False,True,True,True,Other,2026-03-15 01:16:13.536,True,remote,united arab emirates,bachelor,"Cartography, Photogrammetry, Geomatics, Geography",notspecified,Gulf/Other,True
https://wuzzuf.net/jobs/p/g/m3oi7nxkriqo-statistics-and-data-science-assistant-professor-tenure-track-american-university-of-kuwait-auk-dubai-united-arab-emirates,Wuzzuf,statistics and data science - assistant professor tenure track,mohamed bin zayed university of artificial intelligence (mbzuai),abu dhabi,Not Spec,,Full-time,,,True,True,False,True,False,False,False,True,False,True,True,False,Other,2026-03-15 01:37:30.503,True,on-site,united arab emirates,phd,"Statistics, Computer Science",notspecified,Gulf/Other,False
https://wuzzuf.net/jobs/p/g/pjvjllhzvqi3-business-analyst-remote-get-offers-dubai-united-arab-emirates,Wuzzuf,business analyst (remote),get offers,dubai,3-1,USD 40-60/Hour,Contract,,,False,True,True,True,False,False,True,False,False,True,False,False,General,2026-03-15 01:19:50.078,True,remote,united arab emirates,bachelor,Business Analytics,junior(1-3),Gulf/Other,True
https://wuzzuf.net/jobs/p/g/pn6tpbzwigay-data-scientist-core-revolut-dubai-united-arab-emirates,Wuzzuf,data scientist (core),revolut,dubai,0-1,,Full-time,,,True,True,False,True,False,False,False,True,False,True,True,False,Finance,2026-03-15 01:18:04.935,True,on-site,united arab emirates,bachelor,Computer Science,entry(0-1),Gulf/Other,False
https://wuzzuf.net/jobs/p/g/rsq2ybnudn8a-senior-data-scientist-computer-vision-revolut-dubai-united-arab-emirates,Wuzzuf,senior data scientist (computer vision),revolut,dubai,Not Spec,,Full-time,,,True,True,False,True,False,False,False,True,True,False,True,False,Finance,2026-03-15 01:26:36.685,True,not_specified,united arab emirates,nan,Computer Science,notspecified,Gulf/Other,False
https://wuzzuf.net/jobs/p/g/sznpmfjq2zvt-data-analyst-al-futtaim-automotive-logistics-al-futtaim-dubai-united-arab-emirates,Wuzzuf,data analyst,al-futtaim,dubai,3-1,,Full-time,,,False,False,False,False,False,True,True,False,False,True,True,False,Other,2026-03-15 01:18:58.333,True,on-site,united arab emirates,bachelor,Computer Engineering,junior(1-3),Gulf/Other,True
https://wuzzuf.net/jobs/p/g/u0tpryayb4sx-senior-user-acquisition-analyst-by-aliens-dubai-united-arab-emirates,Wuzzuf,senior user acquisition analyst,by aliens,dubai,Not Spec,,Full-time,,,False,True,True,True,False,False,True,False,False,True,True,False,Other,2026-03-15 01:04:03.493,True,on-site,uae,nan,,notspecified,Gulf/Other,True
https://wuzzuf.net/jobs/p/g/uh0svtmkyz8l-remote-entry-level-data-workflow-analyst-loyal-to-cumbria-dubai-united-arab-emirates,Wuzzuf,remote entry-level data & workflow analyst,loyal to cumbria,dubai,0-1,,Contract,,,False,False,True,False,False,False,True,False,False,True,True,False,General,2026-03-15 01:09:02.560,True,remote,united arab emirates,any,,entry(0-1),Gulf/Other,True
https://wuzzuf.net/jobs/p/g/vxpein1jsnzm-guest-relations-analyst-wynn-al-marjan-island-ras-al-khaimah-united-arab-emirates,Wuzzuf,guest relations analyst,wynn al marjan island,ras al-khaimah,3-1,,Full-time,,,False,False,True,False,False,True,True,False,False,True,True,False,Hospitality,2026-03-15 01:23:24.450,True,on-site,united arab emirates,bachelor,"Hospitality Management, Business Analytics",junior(1-3),Gulf/Other,True
https://wuzzuf.net/jobs/p/g/wt6bes4cf1iw-entry-level-data-analyst-remote-pulsemedianl-emea-region-dubai-united-arab-emirates,Wuzzuf,entry level data analyst,pulsemedianl (emea region),dubai,Not Spec,,Full-time,,,True,True,True,True,True,True,True,True,False,True,True,False,General,2026-03-15 01:04:46.788,True,remote,united arab emirates,bachelor,"Data Analytics, Statistics, Mathematics, Economics, Computer Science",notspecified,Gulf/Other,True
https://wuzzuf.net/jobs/p/lhxtsptcb7r1-data-analyst-top-chef-cairo-egypt,Wuzzuf,data analyst,top chef,cairo,3-1,,Full-time,,,False,True,True,True,False,True,True,False,False,True,True,False,General,2026-03-15 01:07:50.027,True,on-site,egypt,bachelor,"Computer Science, Statistics, Mathematics",junior(1-3),Cairo/Alex,True
https://wuzzuf.net/jobs/p/nvuabng6lz0m-data-analytics-and-reporting-specialist-alternative-option-giza-egypt,Wuzzuf,data analytics and reporting specialist,alternative option,giza,0-1,,Full-time,,,False,False,True,True,False,True,True,False,False,True,True,False,Finance,2026-03-15 01:27:24.304,True,on-site,egypt,bachelor,Commerce,entry(0-1),Cairo/Alex,True
https://wuzzuf.net/jobs/p/r179pwhzvkks-rta-wfm-intouch-cx-cairo-egypt,Wuzzuf,rta - wfm,intouch cx,cairo,3-1,20000 To 23000 EGP Per Month,Full-time,,,False,False,True,False,False,False,True,False,False,True,True,False,Other,2026-03-15 01:07:31.064,True,on-site,egypt,bachelor,,junior(1-3),Cairo/Alex,True
https://wuzzuf.net/jobs/p/r1yxretv7hyo-ai-data-science-engineer-raya-distribution-cairo-egypt,Wuzzuf,ai & data science engineer,raya distribution,cairo,3-1,,Full-time,,,True,True,False,True,True,True,True,True,True,True,True,False,Retail,2026-03-15 01:26:57.737,True,on-site,egypt,bachelor,"Computer Science, Data Science, AI, Statistics",junior(1-3),Cairo/Alex,True
https://wuzzuf.net/jobs/p/rfahe6atbsw0-data-analyst-ibn-sina-pharma-cairo-egypt,Wuzzuf,data analyst,ibn sina pharma,cairo,3-1,,Full-time,,,False,False,True,False,False,True,True,False,False,True,False,False,Healthcare,2026-03-15 01:24:58.109,True,on-site,egypt,bachelor,Commerce,junior(1-3),Cairo/Alex,True
https://wuzzuf.net/jobs/p/rre4r8uqijbh-chinese-speaker-realme-cairo-egypt,Wuzzuf,chinese speaker,realme,cairo,0-1,,Full-time,,,False,False,True,True,False,True,True,False,False,True,True,False,General,2026-03-15 01:13:38.738,True,on-site,egypt,bachelor,,entry(0-1),Cairo/Alex,True
https://wuzzuf.net/jobs/p/s7johbr60pkv-operation-analyst-specialist-etisal-eg-cairo-egypt,Wuzzuf,operation analyst specialist,etisal eg,cairo,3-1,,Full-time,,,False,False,False,True,False,True,True,False,False,True,False,False,Other,2026-03-15 01:33:38.331,True,on-site,egypt,bachelor,"Business Administration, Operations Management, Statistics",junior(1-3),Cairo/Alex,True
https://wuzzuf.net/jobs/p/u4jory0gh3et-data-analyst-sakr-group-cairo-egypt,Wuzzuf,data analyst,sakr group,cairo,3-1,,Full-time,,,False,False,True,False,True,True,True,False,False,False,False,False,Other,2026-03-15 01:17:53.785,True,on-site,egypt,bachelor,,junior(1-3),Cairo/Alex,True
https://wuzzuf.net/jobs/p/udg6wsijjfs7-data-analyst-gps-cairo-egypt,Wuzzuf,data analyst,gps,cairo,3-1,,Full-time,,,True,True,True,True,True,True,True,False,False,True,True,False,General,2026-03-15 01:39:43.037,True,on-site,egypt,bachelor,,junior(1-3),Cairo/Alex,True
https://wuzzuf.net/jobs/p/v4ndkdczclfl-sales-analyst-kgroup-cairo-egypt,Wuzzuf,sales analyst,kgroup,cairo,3-1,,Full-time,,,False,True,True,True,True,True,True,False,False,True,True,False,General,2026-03-15 01:38:09.442,True,on-site,egypt,bachelor,Business Administration,junior(1-3),Cairo/Alex,True
https://wuzzuf.net/jobs/p/xiclpsglupxt-mis-data-analyst-gold-era-cairo-egypt,Wuzzuf,mis / data analyst,gold era,cairo,3-1,10000 To 25000 EGP Per Month,Full-time,,,False,False,True,False,False,True,True,False,False,True,True,False,Retail,2026-03-15 01:04:28.370,True,on-site,egypt,nan,,junior(1-3),Cairo/Alex,True
https://wuzzuf.net/saudi/jobs/p/g/9yn6rkpmoczq-entry-level-data-analyst-remote-pulsemedianl-latam-region-riyadh-saudi-arabia,Wuzzuf,entry level data analyst (remote),pulsemedianl (latam region),riyadh,0-1,,Full-time,,,True,True,True,True,True,True,True,True,False,True,True,False,General,2026-03-15 01:34:29.144,True,remote,saudi arabia,bachelor,"Data Analytics, Statistics, Mathematics, Economics, Computer Science",entry(0-1),Gulf/Other,True
https://wuzzuf.net/saudi/jobs/p/g/awfliio9gana-research-scientist-remote-nexus-consulting-riyadh-saudi-arabia,Wuzzuf,research scientist,nexus consulting,riyadh,Not Spec,,Contract,,,True,False,False,True,False,False,False,True,False,True,True,False,Other,2026-03-15 01:15:03.444,True,remote,saudi arabia,phd,Biochemistry,notspecified,Gulf/Other,False
https://wuzzuf.net/saudi/jobs/p/g/cxz89gcmbehp-research-assistant-remote-pulsemedianl-mena-region-tabuk-saudi-arabia,Wuzzuf,research assistant,pulsemedianl (mena region),tabuk,Not Spec,,Full-time,,,False,False,True,True,False,False,True,False,False,True,True,False,General,2026-03-15 01:43:39.466,True,remote,saudi arabia,bachelor,"Business, Social Sciences, Economics, Statistics",notspecified,Gulf/Other,True
https://wuzzuf.net/saudi/jobs/p/g/dnjczfje611m-associate-data-scientist-builders-program-tamara-riyadh-saudi-arabia,Wuzzuf,associate data scientist - builders program,tamara,riyadh,0-1,,Part-time,,,True,True,False,True,True,True,True,True,True,True,True,False,Finance,2026-03-15 01:16:22.518,True,on-site,saudi arabia,bachelor,Computer Science,entry(0-1),Gulf/Other,True
https://wuzzuf.net/saudi/jobs/p/g/erodz1cjhvrp-reporting-specialist-energy-job-search-riyadh-saudi-arabia,Wuzzuf,reporting specialist,energy job search,riyadh,Not Spec,,Full-time,,,False,False,True,False,False,True,True,False,False,True,True,False,Finance,2026-03-15 01:12:49.607,True,on-site,saudi arabia,nan,Computer Science,notspecified,Gulf/Other,True
https://wuzzuf.net/saudi/jobs/p/g/fszfdgzxgzxp-business-performance-analyst-saudi-talent-daikin-saudi-daykn-alsaaody-riyadh-saudi-arabia,Wuzzuf,business performance analyst (saudi talent),daikin saudi دايكن - السعودية,riyadh,3-1,,Full-time,,,False,True,True,True,True,True,True,False,False,True,True,False,Finance,2026-03-15 01:43:52.776,True,on-site,saudi arabia,bachelor,"Economics, Finance, Accounting, Business Administration, Industrial Engineering",junior(1-3),Gulf/Other,True
https://wuzzuf.net/saudi/jobs/p/g/ic9zmvbqony3-data-entry-research-analyst-remote-pulsemedianl-mena-region-riyadh-saudi-arabia,Wuzzuf,data entry research analyst,pulsemedianl (mena region),riyadh,Not Spec,,Full-time,,,False,False,True,False,False,False,True,False,False,True,True,False,General,2026-03-15 01:29:39.839,True,remote,saudi arabia,nan,,notspecified,Gulf/Other,True
https://wuzzuf.net/saudi/jobs/p/g/ijgqunanf1uw-entry-level-data-analyst-remote-pulsemedianl-swana-region-makkah-saudi-arabia,Wuzzuf,entry level data analyst,pulsemedianl (swana region),makkah,0-1,,Full-time,,,True,True,True,True,True,True,True,False,False,True,True,False,General,2026-03-15 01:33:51.340,True,remote,saudi arabia,bachelor,"Data Analytics, Statistics, Mathematics, Economics, Computer Science",entry(0-1),Gulf/Other,True
https://wuzzuf.net/saudi/jobs/p/g/kljsk3ssrzna-data-entry-level-operations-analyst-remote-loyal-to-cumbria-riyadh-saudi-arabia,Wuzzuf,data entry-level operations analyst,loyal to cumbria,riyadh,Not Spec,,Contract,,,False,False,True,False,False,False,False,False,False,True,True,False,General,2026-03-15 01:14:54.173,True,remote,saudi arabia,nan,,notspecified,Gulf/Other,False
https://wuzzuf.net/saudi/jobs/p/g/linoyydxrsex-remote-data-analyst-specialist-pulsemedianl-latam-region-riyadh-saudi-arabia,Wuzzuf,remote data analyst specialist,pulsemedianl (latam region),riyadh,0-1,,Full-time,,,False,False,True,False,False,False,True,False,False,True,False,False,General,2026-03-15 01:41:52.376,True,remote,saudi arabia,nan,,entry(0-1),Gulf/Other,True
https://wuzzuf.net/saudi/jobs/p/g/mmquscmz7d0b-entry-level-data-analyst-remote-pulse-media-emea-region-riyadh-saudi-arabia,Wuzzuf,entry level data analyst,pulse media (emea region),riyadh,0-1,,Full-time,,,True,True,True,True,True,True,True,True,False,True,True,False,General,2026-03-15 01:31:36.660,True,remote,saudi arabia,bachelor,"Data Analytics, Statistics, Mathematics, Economics, Computer Science",entry(0-1),Gulf/Other,True
https://wuzzuf.net/saudi/jobs/p/g/n0tbslfxwjo0-research-assistant-remote-pulsemedianl-latam-region-riyadh-saudi-arabia,Wuzzuf,research assistant (remote),pulsemedianl (latam region),riyadh,Not Spec,,Contract,,,False,False,False,False,False,False,False,True,False,True,False,False,General,2026-03-15 01:23:58.381,True,remote,saudi arabia,nan,,notspecified,Gulf/Other,False
https://wuzzuf.net/saudi/jobs/p/g/ndbg68kyhj0z-data-scientist-i-mozn-riyadh-saudi-arabia,Wuzzuf,data scientist i,mozn,riyadh,0-1,,Full-time,,,True,True,False,True,False,False,True,True,False,False,False,False,Finance,2026-03-15 01:04:11.278,True,on-site,saudi arabia,bachelor,"Data Science, AI, Machine Learning, Mathematics, Statistics",entry(0-1),Gulf/Other,True
https://wuzzuf.net/saudi/jobs/p/g/o938uzdm385o-gis-specialist-remote-nexus-consulting-riyadh-saudi-arabia,Wuzzuf,gis specialist (remote),nexus consulting,riyadh,Not Spec,USD 59-114/hour,Contract,,,True,False,True,False,False,False,True,True,False,True,True,True,Other,2026-03-15 01:26:18.133,True,remote,saudi arabia,bachelor,"Cartography, Photogrammetry, Geomatics, Geography",notspecified,Gulf/Other,True
https://wuzzuf.net/saudi/jobs/p/g/owsvyxlvcjtd-research-analyst-pulsemedianl-mena-region-riyadh-saudi-arabia,Wuzzuf,research analyst,pulsemedianl (mena region),riyadh,Not Spec,,Full-time,,,False,False,True,True,False,False,True,False,False,True,True,False,General,2026-03-15 01:05:24.335,True,hybrid,saudi arabia,bachelor,"Business, Economics, Statistics, Social Sciences",notspecified,Gulf/Other,True
https://wuzzuf.net/saudi/jobs/p/g/s4dro4qhlqcn-entry-level-data-analyst-specialist-pulsemedianl-latam-region-riyadh-saudi-arabia,Wuzzuf,entry-level data analyst specialist,pulsemedianl (latam region),riyadh,0-1,,Full-time,,,False,False,True,False,False,False,True,False,False,True,False,False,General,2026-03-15 01:44:04.855,True,remote,saudi arabia,nan,,entry(0-1),Gulf/Other,True
https://wuzzuf.net/saudi/jobs/p/g/s9zorf4kyvqt-data-entry-research-analyst-remote-pulsemedianl-latam-region-riyadh-saudi-arabia,Wuzzuf,data entry research analyst,pulsemedianl (latam region),riyadh,Not Spec,,Full-time,,,False,False,True,False,False,False,True,False,False,True,True,False,General,2026-03-15 01:22:03.467,True,remote,saudi arabia,nan,,notspecified,Gulf/Other,True
https://wuzzuf.net/saudi/jobs/p/g/sjcqdepvamog-entry-level-data-analyst-specialist-remote-loyal-to-cumbria-riyadh-saudi-arabia,Wuzzuf,entry-level data analyst specialist,loyal to cumbria,riyadh,3-1,,Full-time,,,True,True,True,True,True,True,True,False,False,True,True,False,General,2026-03-15 01:39:26.528,True,remote,saudi arabia,bachelor,"Data Analytics, Statistics, Business, Mathematics",junior(1-3),Gulf/Other,True
https://wuzzuf.net/saudi/jobs/p/g/tdaskubgeuzd-research-analyst-pulse-media-mena-region-riyadh-saudi-arabia,Wuzzuf,research analyst,pulse media (mena region),riyadh,0-1,,Full-time,,,False,False,True,True,False,False,True,False,False,True,True,False,General,2026-03-15 01:25:42.775,True,hybrid,saudi arabia,bachelor,"Business, Economics, Statistics, Social Sciences",entry(0-1),Gulf/Other,True
https://wuzzuf.net/saudi/jobs/p/g/uaazizga3e89-statistical-analyst-remote-nexus-consulting-riyadh-saudi-arabia,Wuzzuf,statistical analyst,nexus consulting,riyadh,Not Spec,,Contract,,,True,True,True,True,False,False,True,True,False,True,True,False,Finance,2026-03-15 01:23:43.466,True,remote,saudi arabia,nan,,notspecified,Gulf/Other,True
https://wuzzuf.net/saudi/jobs/p/g/uisymk4gopko-entry-level-operations-analyst-remote-loyal-to-cumbria-riyadh-saudi-arabia,Wuzzuf,entry-level operations analyst (remote),loyal to cumbria,riyadh,Not Spec,,Contract,,,False,False,True,False,False,False,True,False,False,True,True,False,General,2026-03-15 01:23:30.489,True,remote,saudi arabia,bachelor,"Business, Finance, Economics",notspecified,Gulf/Other,True
https://wuzzuf.net/saudi/jobs/p/g/unylnqkuqrdf-finance-data-research-analyst-remote-nexus-consulting-riyadh-saudi-arabia,Wuzzuf,finance & data research analyst,nexus consulting,riyadh,Not Spec,,Contract,,,False,False,True,False,False,False,True,False,False,True,True,False,Finance,2026-03-15 01:09:26.206,True,remote,saudi arabia,nan,,notspecified,Gulf/Other,True
https://wuzzuf.net/saudi/jobs/p/g/w0yv3i0r3gwf-data-analyst-0-experience-required-peroptyx-riyadh-saudi-arabia,Wuzzuf,data analyst (0 experience required),peroptyx,riyadh,0-1,,Part-time,,,True,True,True,True,True,False,True,False,False,True,False,False,Other,2026-03-15 01:22:53.704,True,remote,saudi arabia,nan,,entry(0-1),Gulf/Other,True
https://wuzzuf.net/saudi/jobs/p/g/ye6ame2qbhjw-remote-data-entry-level-operations-analyst-loyal-to-cumbria-riyadh-saudi-arabia,Wuzzuf,remote data entry-level operations analyst,loyal to cumbria,riyadh,Not Spec,,Contract,,,False,False,True,False,True,True,True,False,False,True,True,False,Other,2026-03-15 01:40:51.083,True,remote,saudi arabia,bachelor,Data Analytics,notspecified,Gulf/Other,True
https://www.bayt.com/en/saudi-arabia/jobs/data-analyst-5442901/?utm_campaign=google_jobs_apply&utm_source=google_jobs_apply&utm_medium=organic,Bayt.com,data analyst,mindfield resources,jeddah,3-1,,not_specified,,,False,True,False,False,False,True,True,False,False,True,True,False,Other,2026-03-15 06:10:56.806,True,not_specified,saudi arabia,bachelor,"Computer Science, Information Systems, Business Analytics, Statistics",junior(1-3),Gulf/Other,True
https://www.founditgulf.com/job/entry-level-data-analyst-remote-pulse-media-emea-region-abu-dhabi-46257859?utm_campaign=google_jobs_apply&utm_source=google_jobs_apply&utm_medium=organic,Founditgulf.com,entry level data analyst (remote),pulse media (mena region),abu dhabi,0-1,,not_specified,,,True,True,True,True,True,True,True,True,False,True,True,False,General,2026-03-15 04:56:07.843,True,remote,uae,bachelor,"Data Analytics, Statistics, Mathematics, Economics, Computer Science",entry(0-1),Gulf/Other,True
"https://www.glassdoor.com/job-listing/associate-risk-advisory-data-analytics-dubai-ankura-JV_IC2204498_KO0,44_KE45,51.htm?jl=1009969881336&utm_campaign=google_jobs_apply&utm_source=google_jobs_apply&utm_medium=organic",Glassdoor,"associate, risk advisory, data analytics (dubai)",ankura,dubai,3-1,,not_specified,,,True,True,False,True,False,False,False,True,True,True,True,False,Other,2026-03-15 04:57:59.099,True,on-site,uae,bachelor,,junior(1-3),Gulf/Other,False
"https://www.glassdoor.com/job-listing/data-analyst-dicetek-JV_IC2203308_KO0,12_KE13,20.htm?jl=1009884868406&utm_campaign=google_jobs_apply&utm_source=google_jobs_apply&utm_medium=organic",Glassdoor,data analyst,dicetek llc,abu dhabi,Not Spec,,not_specified,,,True,True,False,False,False,True,True,False,False,True,False,False,Other,2026-03-15 04:56:02.201,True,not_specified,uae,nan,,notspecified,Gulf/Other,True
https://www.gulftalent.com/saudi-arabia/jobs/data-analyst-549192?utm_campaign=google_jobs_apply&utm_source=google_jobs_apply&utm_medium=organic,GulfTalent.com,data analyst,master-works,riyadh,Not Spec,,not_specified,,,False,True,True,True,True,True,True,False,False,True,True,False,General,2026-03-15 06:12:14.419,True,not_specified,saudi arabia,bachelor,"Data Science, Statistics, Information Technology",notspecified,Gulf/Other,True
https://www.gulftalent.com/saudi-arabia/jobs/entry-level-data-analyst-562730?utm_campaign=google_jobs_apply&utm_source=google_jobs_apply&utm_medium=organic,GulfTalent.com,entry level data analyst,pulse media,nan,0-1,,not_specified,,,True,True,True,True,False,False,True,False,False,True,True,False,General,2026-03-15 06:11:23.213,True,remote,saudi arabia,bachelor,"Data Analytics, Statistics, Computer Science",entry(0-1),Gulf/Other,True
https://www.gulftalent.com/uae/jobs/associate-data-analyst-564163?utm_campaign=google_jobs_apply&utm_source=google_jobs_apply&utm_medium=organic,GulfTalent.com,associate data analyst,bayut | dubizzle,dubai,3-1,,not_specified,,,False,True,True,False,False,False,True,False,False,True,True,False,E-Commerce,2026-03-15 04:54:53.261,True,not_specified,uae,nan,,junior(1-3),Gulf/Other,True
https://www.gulftalent.com/uae/jobs/data-analyst-commercial-547967?utm_campaign=google_jobs_apply&utm_source=google_jobs_apply&utm_medium=organic,GulfTalent.com,data analyst commercial,gems education,dubai,Not Spec,,not_specified,,,False,True,True,True,False,True,True,False,True,True,True,False,Other,2026-03-15 05:45:39.897,True,not_specified,uae,bachelor,,notspecified,Gulf/Other,True
https://www.gulftalent.com/uae/jobs/data-analyst-content-and-user-growth-559001?utm_campaign=google_jobs_apply&utm_source=google_jobs_apply&utm_medium=organic,GulfTalent.com,data analyst content and user growth,fuku,dubai,Not Spec,,not_specified,,,True,True,False,True,True,True,True,False,False,True,True,False,Other,2026-03-15 05:45:47.294,True,not_specified,uae,nan,,notspecified,Gulf/Other,True
https://www.gulftalent.com/uae/jobs/data-analyst-intern-544684?utm_campaign=google_jobs_apply&utm_source=google_jobs_apply&utm_medium=organic,GulfTalent.com,data analyst intern,a leading manufacturing company in uae,dubai,0-1,,Internship,,,True,True,True,True,True,True,True,False,False,True,True,False,Manufacturing,2026-03-15 04:58:04.449,True,on-site,uae,bachelor,"Data Science, Statistics, Mathematics, Computer Science, Economics",entry(0-1),Gulf/Other,True
https://www.jobilize.com/job/ae-dubai-data-analyst-salesforce-edari-hiring-now-job-immediately?utm_campaign=google_jobs_apply&utm_source=google_jobs_apply&utm_medium=organic,Jobilize,data analyst salesforce,edari,dubai,3-1,,Contract,,,False,False,True,False,False,False,False,False,False,True,False,False,Other,2026-03-15 05:45:41.496,True,on-site,united arab emirates,nan,,junior(1-3),Gulf/Other,False
https://www.manpower.co.ae/en/jobs/information-technology/data-analyst/34396?utm_campaign=google_jobs_apply&utm_source=google_jobs_apply&utm_medium=organic,Manpower.co.ae,data analyst,manpower middle east,dubai,Not Spec,,Contract,,,False,False,True,False,False,False,False,False,False,True,True,False,Finance,2026-03-15 05:45:02.636,True,on-site,uae,nan,Accounting,notspecified,Gulf/Other,False
https://www.naukrigulf.com/data-analyst-position-jobs-in-dubai-uae-in-retail-performance-excellence-1-to-2-years-n-cd-337041-jid-110326000418?utm_campaign=google_jobs_apply&utm_source=google_jobs_apply&utm_medium=organic,Naukrigulf,data analyst position,retail performance excellence,dubai,3-1,,not_specified,,,True,True,True,False,False,True,True,False,False,False,True,False,Retail,2026-03-15 05:44:56.370,True,not_specified,uae,bachelor,"Data Science, Statistics, Mathematics, Computer Science",junior(1-3),Gulf/Other,True
https://www.naukrigulf.com/data-visualization-specialist-jobs-in-dubai-uae-in-acquisit-1-to-3-years-n-cd-10006703-jid-020226501154?utm_campaign=google_jobs_apply&utm_source=google_jobs_apply&utm_medium=organic,Naukrigulf,data visualization specialist,acquisit,dubai,3-1,,not_specified,,,False,False,True,False,True,True,True,False,True,True,False,False,Other,2026-03-15 05:47:25.585,True,not_specified,uae,nan,,junior(1-3),Gulf/Other,True
https://www.talentmate.com/jobs/uae/abu-dhabi/junior-data-analyst-09n25/2511-1-37158?utm_campaign=google_jobs_apply&utm_source=google_jobs_apply&utm_medium=organic,Talentmate,junior data analyst,talentmate,abu dhabi,Not Spec,,not_specified,,,True,True,True,True,True,True,True,False,False,True,True,False,General,2026-03-15 04:56:30.043,True,not_specified,uae,bachelor,"Mathematics, Economics, Computer Science",notspecified,Gulf/Other,True
https://www.talentmate.com/jobs/uae/dubai/data-analyst-07j26/2601-1-43633?utm_campaign=google_jobs_apply&utm_source=google_jobs_apply&utm_medium=organic,Talentmate,data analyst 07j26,talentmate,dubai,Not Spec,,not_specified,,,True,True,False,True,False,False,True,False,False,True,True,False,General,2026-03-15 05:46:45.320,True,not_specified,uae,bachelor,"Data Science, Statistics, Computer Science",notspecified,Gulf/Other,True
https://www.talentmate.com/jobs/uae/dubai/junior-data-analyst-04n25/2511-1-36565?utm_campaign=google_jobs_apply&utm_source=google_jobs_apply&utm_medium=organic,Talentmate,junior data analyst 04n25,talentmate,dubai,Not Spec,,not_specified,,,True,True,True,True,True,True,True,True,False,True,True,False,General,2026-03-15 05:46:17.811,True,not_specified,uae,bachelor,"Data Science, Statistics, Economics",notspecified,Gulf/Other,True
,LinkedIn,data analyst,tasaheel,egypt,0-3,,Full-time,,,True,True,True,True,True,True,True,False,False,True,True,False,Fintech,,True,on-site,egypt,bachelor,"CS, IT, or Computer Engineering",entry(0-1),Provinces,True
,LinkedIn,data analyst,mednet egypt,egypt,1+,,Full-time,,,False,True,True,True,False,True,True,False,False,True,True,False,Healthcare,,True,on-site,egypt,bachelor,"Computer Science, IT, or Information Systems",junior(1-3),Provinces,True
,LinkedIn,medical data analyst,get offers,remote,0-1,,Contract,,,False,False,False,False,False,False,False,False,False,True,False,False,Medical,,True,on-site,egypt,medical,"Data Science, Business Administration, or CS",entry(0-1),Provinces,False
,LinkedIn,data analyst,red bull,cairo,2-4,,Full-time,,,True,True,True,False,True,True,True,False,False,True,True,False,Fmcg / Sales,,True,on-site,egypt,bachelor,"Marketing, Finance, or Business Analytics",junior(1-3),Cairo/Alex,True
,LinkedIn,data analyst,dubizzle egypt,cairo,2+,,Full-time,,,True,True,True,True,True,True,True,False,False,True,True,False,E-Commerce,,True,on-site,egypt,bachelor,"Economics, Statistics, or CS",junior(1-3),Cairo/Alex,True
,LinkedIn,data analyst,elm (علم),riyadh,1-3,,Full-time,,,True,True,True,True,False,True,True,False,False,True,True,False,Gov / Tech,,True,on-site,egypt,bachelor,"Data Science, IT, or Software Engineering",junior(1-3),Provinces,True
,LinkedIn,data analyst,qara digital,cairo,1-3,,Full-time,,,True,True,True,True,False,True,True,True,False,True,True,False,Digital Trans.,,True,on-site,egypt,bachelor,"Computer Science, Math, or Physics",junior(1-3),Cairo/Alex,True
,LinkedIn,junior ops analyst,ssc hr,cairo,0-2,,Hybrid,,,False,False,True,False,True,True,True,False,False,True,True,False,Consulting,,True,on-site,egypt,bachelor,Business Administration or Human Resources,entry(0-1),Cairo/Alex,True
,LinkedIn,data analysis,dkhoon emirates,cairo,2-4,,Full-time,,,True,True,True,False,True,True,True,False,False,True,True,False,Retail / Sales,,True,on-site,egypt,bachelor,"Business, Statistics, or CS",junior(1-3),Cairo/Alex,True
,LinkedIn,bi analyst,halan (حالا),giza,2-4,,Full-time,,,False,True,False,True,True,True,True,True,False,True,True,False,Fintech,,True,on-site,egypt,bachelor,"Finance, Economics, or Computer Science",junior(1-3),Cairo/Alex,True
,LinkedIn,data analyst,infomineo,cairo,0-3,,Full-time,,,True,True,False,True,True,True,True,True,False,True,True,False,Consulting,,True,on-site,egypt,master,"Business, Economics, or Social Sciences",entry(0-1),Cairo/Alex,True
,LinkedIn,conflicts analyst,deloitte,cairo,0-2,,Full-time,,,False,False,True,False,False,False,False,False,False,True,True,False,Compliance / Legal,,True,on-site,egypt,bachelor,"Business Analytics, Finance, or STEM fields",entry(0-1),Cairo/Alex,False
,LinkedIn,process excellence,teleperformance,cairo,Not Spec,,Hybrid,,,False,False,True,False,False,False,True,False,False,True,True,False,Operations (Copc),,True,on-site,egypt,bachelor,Any Bachelor’s Degree (Open Major),notspecified,Cairo/Alex,True
,LinkedIn,e-comm data analyst,alignerr,remote,0+,,Contract,,,False,False,False,False,False,False,False,True,False,True,False,False,E-Commerce / Ai,,True,on-site,egypt,any,Any discipline (Open Major),entry(0-1),Provinces,False
,LinkedIn,map & location analyst,alignerr,remote,0+,,Contract,,,False,False,False,False,False,False,False,True,False,True,False,False,Geospatial / Ai,,True,on-site,egypt,any,Any discipline (Open Major),entry(0-1),Provinces,False
,LinkedIn,research analyst,alignerr,remote,0+,,Contract,,,False,False,False,False,False,False,False,True,False,True,False,False,General Research,,True,on-site,egypt,any,Any discipline (Open Major),entry(0-1),Provinces,False
,LinkedIn,sustainability analyst,henkel,cairo,Not Spec,,Hybrid,,,False,False,False,True,False,False,True,False,False,True,True,False,Sustainability,,True,on-site,egypt,bachelor,"Business Administration, Accounting, or Finance",notspecified,Cairo/Alex,True
,LinkedIn,senior data analyst,grant thornton,cairo,Not Spec,,Full-time,,,False,False,True,True,False,True,True,False,False,True,True,False,Finance / Audit,,True,on-site,egypt,bachelor,"Accounting, Finance, or Business Analytics",notspecified,Cairo/Alex,True
,LinkedIn,data analyst,sporty,remote,2-4,,Full-time,,,True,True,False,True,False,False,True,False,False,True,True,False,Betting / Gaming,,True,on-site,egypt,bachelor,"CS, IT, or Engineering",junior(1-3),Provinces,True
,LinkedIn,data analyst,odiin.,remote,2+,,Contract,,,False,True,True,False,True,True,True,False,False,True,True,False,General Business,,True,on-site,egypt,bachelor,"Finance, Economics, or Data Science",junior(1-3),Provinces,True
,LinkedIn,bi analyst,swans,remote,2-5,,Full-time,,,False,False,False,True,True,True,True,True,False,True,True,False,Legal / Consulting,,True,on-site,egypt,bachelor,"Business, Marketing, or Statistics",junior(1-3),Provinces,True
,LinkedIn,retail master data,accenture,cairo,1+,,On-site,,,False,False,False,False,False,False,False,False,False,True,True,False,Sap Master Data,,True,on-site,egypt,bachelor,"Engineering, CS, or Data Science",junior(1-3),Cairo/Alex,False
,LinkedIn,bi analyst (network),get offers,remote,Not Spec,,Contract,,,False,True,False,False,True,True,True,False,False,True,True,False,General Bi,,True,on-site,egypt,bachelor,"Data Science, Business, or CS",notspecified,Provinces,True
,LinkedIn,bi analyst (network),yo it consulting,remote,Not Spec,,Contract,,,False,True,False,False,True,True,True,False,False,True,True,False,General Bi,,True,on-site,egypt,bachelor,Information Technology or Computer Science,notspecified,Provinces,True
,LinkedIn,data analyst (instr.),epsilonai,nasr city,0-3,,Hybrid,,,False,True,True,False,True,True,True,False,False,True,True,False,Education / Ai,,True,on-site,egypt,bachelor,"CS, Computer Engineering, Statistics, or IT",entry(0-1),Provinces,True
,LinkedIn,data analyst & rep.,ebny dev.,heliopolis,2-5,,On-site,,,False,True,True,True,True,True,True,False,False,True,True,False,Real Estate / Bi,,True,on-site,egypt,bachelor,"Data Science, Statistics, or CS",junior(1-3),Provinces,True
,LinkedIn,data analytics spec.,alternative op,mohandessin,0-2,,On-site,,,False,False,True,True,False,True,True,False,False,True,True,False,Commerce / Erp,,True,on-site,egypt,bachelor,"Commerce (تجارة), Business, or CS",entry(0-1),Provinces,True
,LinkedIn,maps evaluator,peroptyx,riyadh,0+,,Part-time,,,False,False,False,False,False,False,False,True,False,True,False,False,Maps / Geospatial,,True,on-site,egypt,not spec.,Any discipline (Open Major - Focus on local knowledge),entry(0-1),Provinces,False
,LinkedIn,econometric analyst,north star,riyadh,Not Spec,,Project,,,True,False,False,True,False,False,False,False,False,True,True,False,Policy / Stata,,True,on-site,egypt,master,"Economics, Statistics, or Data Science",notspecified,Provinces,False
,LinkedIn,associate data analyst,tamara,riyadh,0-1,,Part-time,,,True,True,False,True,True,True,True,True,False,True,True,False,Fintech / Ai,,True,on-site,egypt,bachelor,"Quantitative field (Math, Stats, CS, Finance, Data Science)",entry(0-1),Provinces,True
